organism,strain,parameter,unit,direction,low_threshold,low_state,optimal_low,optimal_high,normal_state,high_threshold,high_state,gem_reaction,gem_model,reaction_type,notes,source_type,citation,confidence,resolution_note
B. subtilis,(base),CO2,%,byproduct,2.0,low_respiration,2.0,8.0,optimal,14.0,high_respiration,PDH,iYO844,metabolic,low_state=low_respiration; normal_state=optimal; high_state=high_respiration; direction=byproduct; unit=%,domain_knowledge,"CER in B. subtilis fermentation; limited standardized data; CAVEAT: process-dependent, validate on-site",MEDIUM,"CO2 thresholds are CER-derived estimates. Absolute values depend on bioreactor headspace volume, sparge rate, and off-gas analyzer calibration. Use as relative trend indicator, not absolute setpoint. Validate against site-specific off-gas baseline."
B. subtilis,(base),DO,%,substrate,10.0,microaerobic,10.0,30.0,optimal,80.0,excess,CYTB_B2,iYO844,metabolic,low_state=microaerobic; normal_state=optimal; high_state=excess; direction=substrate; unit=%,literature,Cruz Ramos et al. 2000 J Bacteriol (anaerobic regulon),MEDIUM,
B. subtilis,(base),O2,%,substrate,14.0,high_OUR,14.0,18.0,balanced,21.0,low_demand,CYTB_B2,iYO844,metabolic,low_state=high_OUR; normal_state=balanced; high_state=low_demand; direction=substrate; unit=%,literature,Obligate aerobe; OUR from Dauner et al. 2001,MEDIUM,
B. subtilis,(base),OD600,OD,output,5.0,lag_or_slow,5.0,20.0,exponential,50.0,high_density,BIOMASS_Bs,iYO844,custom_exchange,low_state=lag_or_slow; normal_state=exponential; high_state=high_density; direction=output; unit=OD,domain_knowledge,Growth curves; sporulation transition density process-specific,MEDIUM,"B. subtilis OD600 thresholds depend on sporulation kinetics, which vary by strain (168 vs PY79 vs WB800N) and medium composition. Thresholds set for vegetative growth phase; adjust high threshold based on sporulation onset observed in your specific strain/medium combination."
B. subtilis,(base),acetoin,g/L,byproduct,0.5,optimal,0.5,2.0,moderate,5.0,overflow,ACLDC,iYO844,metabolic,low_state=optimal; normal_state=moderate; high_state=overflow; direction=byproduct; unit=g/L,literature,Renna et al. 1993 J Bacteriol (alsSD operon),MEDIUM,
B. subtilis,(base),agitation,rpm,control,200.0,poor_mixing,200.0,500.0,optimal,800.0,foam_risk,kLa,iYO844,control_placeholder,low_state=poor_mixing; normal_state=optimal; high_state=foam_risk; direction=control; unit=rpm,literature,Surfactin foaming from Cooper et al. 1981; kLa for aerobe,MEDIUM,
B. subtilis,(base),ammonia,mM,substrate_and_byproduct,1.0,nitrogen_limited,1.0,10.0,optimal,25.0,excess,GLNS,iYO844,metabolic,low_state=nitrogen_limited; normal_state=optimal; high_state=excess; direction=substrate_and_byproduct; unit=mM,literature,Fisher 1999 Mol Microbiol (GlnR regulon),MEDIUM,
B. subtilis,(base),glucose,g/L,substrate,1.0,carbon_starved,1.0,5.0,optimal,12.0,overflow_risk,GLCptspp,iYO844,metabolic,low_state=carbon_starved; normal_state=optimal; high_state=overflow_risk; direction=substrate; unit=g/L,literature,Dauner et al. 2001 Biotechnol Bioeng; Spo0A sporulation literature,MEDIUM,
B. subtilis,(base),pH,,indicator,6.0,acidosis,6.0,7.0,optimal,8.0,alkaline,EX_h_e,iYO844,metabolic,low_state=acidosis; normal_state=optimal; high_state=alkaline; direction=indicator,literature,Hahne et al. 2010 J Proteome Res; subtilisin alkaline protease context,MEDIUM,
B. subtilis,(base),temperature,C,control,30.0,reduced_temp,30.0,37.0,optimal,50.0,heat_stress,TEMP_CONTROL,iYO844,control_placeholder,low_state=reduced_temp; normal_state=optimal; high_state=heat_stress; direction=control; unit=C,textbook,Hecker et al. 2007 Microbiology (sigB stress),HIGH,
B. subtilis,(base),titer,g/L,product,0.5,low_expression,0.5,5.0,on_track,15.0,high_expression,ENZYME_secretion,iYO844,custom_exchange,low_state=low_expression; normal_state=on_track; high_state=high_expression; direction=product; unit=g/L,literature,Westers et al. 2004 BBA; native enzyme 20-25 g/L,MEDIUM,
B. subtilis,(base),viability,%,indicator,45.0,autolysis,45.0,75.0,moderate_stress,95.0,healthy,AUTOLYSIS,iYO844,biological_state,low_state=autolysis; normal_state=moderate_stress; high_state=healthy; direction=indicator; unit=%,domain_knowledge,Autolysis (LytC/LytD) complicates measurement; Smith et al. 2000,MEDIUM,"Viability threshold widened conservatively: low 50.0% -> 45.0%. Viability measurement varies by method (trypan blue, flow cytometry, LDH release). Recommend validating against site-specific assay and harvest criteria."
BHK-21,(base),CO2,%,byproduct,4.0,low_metabolism,4.0,10.0,optimal,15.0,hypercapnia,CS,iBHK,metabolic,low_state=low_metabolism; normal_state=optimal; high_state=hypercapnia; direction=byproduct; unit=%,domain_knowledge,"Extrapolated from mammalian; CAVEAT: process-dependent, validate on-site",MEDIUM,"CO2 thresholds are CER-derived estimates. Absolute values depend on bioreactor headspace volume, sparge rate, and off-gas analyzer calibration. Use as relative trend indicator, not absolute setpoint. Validate against site-specific off-gas baseline."
BHK-21,(base),DO,%,substrate,20.0,hypoxic,20.0,40.0,optimal,80.0,excess,COXE,iBHK,metabolic,low_state=hypoxic; normal_state=optimal; high_state=excess; direction=substrate; unit=%,domain_knowledge,Extrapolated from mammalian; BHK-specific DO limited,MEDIUM,BHK-21 DO thresholds inherited from mammalian defaults. BHK-21 oxygen demand similar to CHO. Microcarrier cultures may have different DO gradients than suspension; validate for your format.
BHK-21,(base),O2,%,substrate,15.0,oxygen_depleted,15.0,18.0,balanced,21.0,low_demand,COXE,iBHK,metabolic,low_state=oxygen_depleted; normal_state=balanced; high_state=low_demand; direction=substrate; unit=%,domain_knowledge,"Extrapolated from mammalian off-gas; CAVEAT: assumes air inlet, validate analyzer calibration",MEDIUM,"O2 off-gas thresholds depend on inlet composition (air vs enriched O2), sparge rate, headspace pressure, and analyzer placement. Values assume standard air inlet (21% O2). Use OUR/CER ratio (RQ) for more reliable metabolic state assessment than absolute off-gas %."
BHK-21,(base),VCD,e6/mL,output,3.0,slow_growth,3.0,10.0,exponential,20.0,peak_density,BIOMASS_bhk,iBHK,custom_exchange,low_state=slow_growth; normal_state=exponential; high_state=peak_density; direction=output; unit=e6/mL,literature,Merten et al. 1994 Cytotechnology; Telling & Elsworth 1965,MEDIUM,
BHK-21,(base),agitation,rpm,control,60.0,poor_mixing,60.0,150.0,optimal,250.0,shear_risk,kLa,iBHK,control_placeholder,low_state=poor_mixing; normal_state=optimal; high_state=shear_risk; direction=control; unit=rpm,literature,Croughan et al. 1987 Biotechnol Bioeng (microcarrier shear),MEDIUM,
BHK-21,(base),ammonia,mM,byproduct,2.0,optimal,2.0,6.0,moderate,8.0,toxic,GLNS,iBHK,metabolic,low_state=optimal; normal_state=moderate; high_state=toxic; direction=byproduct; unit=mM,domain_knowledge,BHK ammonia thresholds poorly characterized,MEDIUM,BHK-21 ammonia thresholds poorly characterized in open literature. Normal threshold widened from 5.0 to 6.0 mM (conservative). BHK-21 used for coagulation factors where PTM sensitivity matters; validate ammonia impact on your specific product quality attributes.
BHK-21,(base),glucose,g/L,substrate,1.5,flux_limited,1.5,4.0,optimal,7.0,overflow_risk,HEX1,iBHK,metabolic,low_state=flux_limited; normal_state=optimal; high_state=overflow_risk; direction=substrate; unit=g/L,literature,Merten et al. 1994 Cytotechnology,MEDIUM,
BHK-21,(base),lactate,g/L,byproduct,0.5,optimal,0.5,2.5,moderate,5.0,critical,LDH_L,iBHK,metabolic,low_state=optimal; normal_state=moderate; high_state=critical; direction=byproduct; unit=g/L,literature,Merten et al. 1994 Cytotechnology,MEDIUM,
BHK-21,(base),pH,,indicator,6.8,acidosis,6.8,7.2,optimal,7.5,alkalosis,ATPM,iBHK,metabolic,low_state=acidosis; normal_state=optimal; high_state=alkalosis; direction=indicator,literature,Merten et al. 1994 Cytotechnology,MEDIUM,
BHK-21,(base),temperature,C,control,33.0,cold_shift,33.0,37.0,optimal,38.5,heat_stress,TEMP_SHIFT,iBHK,control_placeholder,low_state=cold_shift; normal_state=optimal; high_state=heat_stress; direction=control; unit=C,literature,Telling & Elsworth 1965 Biotechnol Bioeng,MEDIUM,
BHK-21,(base),titer,g/L,product,0.3,low_production,0.3,1.5,on_track,3.5,high_producing,PRODUCT_expression,iBHK,custom_exchange,low_state=low_production; normal_state=on_track; high_state=high_producing; direction=product; unit=g/L,domain_knowledge,Vaccine/coag factor titre; product-specific units,MEDIUM,"BHK-21 titer thresholds are product-specific. Viral vaccine titres measured in TCID50 or PFU, not g/L. Coagulation factors (rFVIII) measured in IU/mL. Current g/L thresholds apply to total protein; replace with product-specific units for your application."
BHK-21,(base),viability,%,indicator,60.0,critical,60.0,80.0,healthy,95.0,excellent,APOPTOSIS,iBHK,biological_state,low_state=critical; normal_state=healthy; high_state=excellent; direction=indicator; unit=%,literature,Merten et al. 1994 Cytotechnology (CPE context),MEDIUM,
CHO,(base),CO2,%,byproduct,5.0,low_metabolism,5.0,10.0,optimal,15.0,hypercapnia,CS,iCHO2291,metabolic,low_state=low_metabolism; normal_state=optimal; high_state=hypercapnia; direction=byproduct; unit=%,literature,Gray et al. 1996 Cytotechnology; Goudar et al. 2006 Biotechnol Prog,MEDIUM,
CHO,(base),DO,%,substrate,20.0,hypoxic,20.0,40.0,optimal,80.0,excess,COXE,iCHO2291,metabolic,low_state=hypoxic; normal_state=optimal; high_state=excess; direction=substrate; unit=%,literature,Restelli et al. 2006 Biotechnol Bioeng,HIGH,
CHO,(base),O2,%,substrate,15.0,oxygen_depleted,15.0,18.0,balanced,21.0,low_demand,COXE,iCHO2291,metabolic,low_state=oxygen_depleted; normal_state=balanced; high_state=low_demand; direction=substrate; unit=%,literature,Restelli et al. 2006 Biotechnol Bioeng (off-gas analysis),MEDIUM,
CHO,(base),VCD,e6/mL,output,5.0,slow_growth,5.0,15.0,exponential,30.0,peak_density,BIOMASS_cho,iCHO2291,custom_exchange,low_state=slow_growth; normal_state=exponential; high_state=peak_density; direction=output; unit=e6/mL,literature,Huang et al. 2010 Biotechnol Bioeng,HIGH,
CHO,(base),agitation,rpm,control,100.0,poor_mixing,100.0,200.0,optimal,350.0,shear_risk,kLa,iCHO2291,control_placeholder,low_state=poor_mixing; normal_state=optimal; high_state=shear_risk; direction=control; unit=rpm,literature,Nienow et al. 2013 Biochem Eng J,MEDIUM,
CHO,(base),ammonia,mM,byproduct,2.0,optimal,2.0,5.0,moderate,8.0,toxic,GLNS,iCHO2291,metabolic,low_state=optimal; normal_state=moderate; high_state=toxic; direction=byproduct; unit=mM,literature,Yang & Butler 2000 Biotechnol Bioeng; Chen & Bhargava 2011 Biotechnol Adv,HIGH,
CHO,(base),glucose,g/L,substrate,2.0,flux_limited,2.0,4.0,optimal,6.0,overflow_risk,HEX1,iCHO2291,metabolic,low_state=flux_limited; normal_state=optimal; high_state=overflow_risk; direction=substrate; unit=g/L,literature,Altamirano et al. 2006 J Biotechnol; Glacken et al. 1988 Biotechnol Bioeng,HIGH,
CHO,(base),lactate,g/L,byproduct,0.5,optimal,0.5,2.0,moderate,4.0,critical,LDH_L,iCHO2291,metabolic,low_state=optimal; normal_state=moderate; high_state=critical; direction=byproduct; unit=g/L,literature,Zagari et al. 2013 New Biotechnol; Luo et al. 2012 Biotechnol Bioeng,HIGH,
CHO,(base),pH,,indicator,6.9,acidosis,6.9,7.2,optimal,7.4,alkalosis,ATPM,iCHO2291,metabolic,low_state=acidosis; normal_state=optimal; high_state=alkalosis; direction=indicator,literature,Li et al. 2010 Biotechnol Bioeng; Trummer et al. 2006 Biotechnol Bioeng,HIGH,
CHO,(base),temperature,C,control,35.0,cold_shift,35.0,37.0,optimal,38.0,heat_stress,TEMP_SHIFT,iCHO2291,control_placeholder,low_state=cold_shift; normal_state=optimal; high_state=heat_stress; direction=control; unit=C,literature,Kaufmann et al. 1999 Biotechnol Bioeng; Yoon et al. 2003 Biotechnol Bioeng,HIGH,
CHO,(base),titer,g/L,product,0.5,low_production,0.5,2.0,on_track,4.0,high_producing,IgG_production,iCHO2291,custom_exchange,low_state=low_production; normal_state=on_track; high_state=high_producing; direction=product; unit=g/L,domain_knowledge,Process-specific; typical CHO mAb range 1-10 g/L,MEDIUM,
CHO,(base),viability,%,indicator,75.0,critical,75.0,90.0,healthy,95.0,excellent,APOPTOSIS,iCHO2291,biological_state,low_state=critical; normal_state=healthy; high_state=excellent; direction=indicator; unit=%,regulatory,ICH Q5D; industry standard fed-batch harvest criteria,HIGH,
CHO-S,(base),CO2,%,byproduct,4.0,low_metabolism,4.0,12.0,optimal,18.0,hypercapnia,CS,iCHO2291,metabolic,low_state=low_metabolism; normal_state=optimal; high_state=hypercapnia; direction=byproduct; unit=%,domain_knowledge,"High-density perfusion CER; limited published data; CAVEAT: process-dependent, validate on-site",MEDIUM,"CO2 thresholds are CER-derived estimates. Absolute values depend on bioreactor headspace volume, sparge rate, and off-gas analyzer calibration. Use as relative trend indicator, not absolute setpoint. Validate against site-specific off-gas baseline."
CHO-S,(base),DO,%,substrate,25.0,hypoxic,25.0,45.0,optimal,80.0,excess,COXE,iCHO2291,metabolic,low_state=hypoxic; normal_state=optimal; high_state=excess; direction=substrate; unit=%,literature,Clincke et al. 2013 Biotechnol Prog,HIGH,
CHO-S,(base),O2,%,substrate,13.0,oxygen_depleted,13.0,17.0,balanced,21.0,low_demand,COXE,iCHO2291,metabolic,low_state=oxygen_depleted; normal_state=balanced; high_state=low_demand; direction=substrate; unit=%,domain_knowledge,"High-density OUR from perfusion literature; CAVEAT: assumes air inlet, validate analyzer calibration",MEDIUM,"O2 off-gas thresholds depend on inlet composition (air vs enriched O2), sparge rate, headspace pressure, and analyzer placement. Values assume standard air inlet (21% O2). Use OUR/CER ratio (RQ) for more reliable metabolic state assessment than absolute off-gas %."
CHO-S,(base),VCD,e6/mL,output,20.0,below_setpoint,20.0,60.0,steady_state,100.0,ultra_high_density,BIOMASS_cho,iCHO2291,custom_exchange,low_state=below_setpoint; normal_state=steady_state; high_state=ultra_high_density; direction=output; unit=e6/mL,literature,Clincke et al. 2013 Biotechnol Prog (60-120e6/mL perfusion),HIGH,
CHO-S,(base),agitation,rpm,control,80.0,poor_mixing,80.0,180.0,optimal,300.0,shear_risk,kLa,iCHO2291,control_placeholder,low_state=poor_mixing; normal_state=optimal; high_state=shear_risk; direction=control; unit=rpm,literature,ATF/TFF shear considerations; Clincke et al. 2013,MEDIUM,
CHO-S,(base),ammonia,mM,byproduct,1.5,optimal,1.5,4.0,moderate,7.0,toxic,GLNS,iCHO2291,metabolic,low_state=optimal; normal_state=moderate; high_state=toxic; direction=byproduct; unit=mM,literature,Bielser et al. 2018 Biotechnol Adv,MEDIUM,
CHO-S,(base),glucose,g/L,substrate,1.5,flux_limited,1.5,3.5,optimal,5.0,overflow_risk,HEX1,iCHO2291,metabolic,low_state=flux_limited; normal_state=optimal; high_state=overflow_risk; direction=substrate; unit=g/L,literature,Clincke et al. 2013 Biotechnol Prog; Bielser et al. 2018 Biotechnol Adv,HIGH,
CHO-S,(base),lactate,g/L,byproduct,0.3,optimal,0.3,1.5,moderate,3.0,critical,LDH_L,iCHO2291,metabolic,low_state=optimal; normal_state=moderate; high_state=critical; direction=byproduct; unit=g/L,literature,Clincke et al. 2013 Biotechnol Prog,HIGH,
CHO-S,(base),pH,,indicator,6.85,acidosis,6.85,7.15,optimal,7.35,alkalosis,ATPM,iCHO2291,metabolic,low_state=acidosis; normal_state=optimal; high_state=alkalosis; direction=indicator,literature,Pohlscheidt et al. 2013 Biotechnol Prog,HIGH,
CHO-S,(base),temperature,C,control,34.0,cold_shift,34.0,36.5,optimal,37.5,heat_stress,TEMP_SHIFT,iCHO2291,control_placeholder,low_state=cold_shift; normal_state=optimal; high_state=heat_stress; direction=control; unit=C,literature,Perfusion temp shift common; Clincke et al. 2013,MEDIUM,
CHO-S,(base),titer,g/L,product,0.3,low_production,0.3,1.0,on_track,2.5,high_producing,IgG_production,iCHO2291,custom_exchange,low_state=low_production; normal_state=on_track; high_state=high_producing; direction=product; unit=g/L,domain_knowledge,Perfusion permeate titre typically 0.3-2.5 g/L,MEDIUM,
CHO-S,(base),viability,%,indicator,75.0,critical,75.0,88.0,healthy,96.0,excellent,APOPTOSIS,iCHO2291,biological_state,low_state=critical; normal_state=healthy; high_state=excellent; direction=indicator; unit=%,literature,Pohlscheidt et al. 2013 Biotechnol Prog,MEDIUM,
E. coli,(base),CO2,%,byproduct,2.0,low_respiration,2.0,8.0,optimal,15.0,high_respiration,PDH,iML1515,metabolic,low_state=low_respiration; normal_state=optimal; high_state=high_respiration; direction=byproduct; unit=%,domain_knowledge,"CER monitoring in HCDC; limited standardized thresholds; CAVEAT: process-dependent, validate on-site",MEDIUM,"CO2 thresholds are CER-derived estimates. Absolute values depend on bioreactor headspace volume, sparge rate, and off-gas analyzer calibration. Use as relative trend indicator, not absolute setpoint. Validate against site-specific off-gas baseline."
E. coli,(base),DO,%,substrate,10.0,microaerobic,10.0,30.0,optimal,80.0,excess,CYTBO3_4pp,iML1515,metabolic,low_state=microaerobic; normal_state=optimal; high_state=excess; direction=substrate; unit=%,literature,Shiloach & Fass 2005 Biotechnol Adv; Lara et al. 2006 Mol Biotechnol,HIGH,
E. coli,(base),O2,%,substrate,14.0,high_OUR,14.0,18.0,balanced,21.0,low_demand,CYTBO3_4pp,iML1515,metabolic,low_state=high_OUR; normal_state=balanced; high_state=low_demand; direction=substrate; unit=%,literature,Shiloach & Fass 2005 (OUR/CER monitoring),MEDIUM,
E. coli,(base),OD600,OD,output,5.0,lag_or_slow,5.0,30.0,exponential,80.0,high_density,BIOMASS_Ec_iML1515_core_75p37M,iML1515,custom_exchange,low_state=lag_or_slow; normal_state=exponential; high_state=high_density; direction=output; unit=OD,literature,Korz et al. 1995 J Biotechnol; Riesenberg & Guthke 1999,HIGH,
E. coli,(base),acetate,g/L,byproduct,0.5,optimal,0.5,2.0,moderate,5.0,inhibitory,PTAr,iML1515,metabolic,low_state=optimal; normal_state=moderate; high_state=inhibitory; direction=byproduct; unit=g/L,literature,Luli & Strohl 1990 Appl Environ Microbiol; Eiteman & Altman 2006,HIGH,
E. coli,(base),agitation,rpm,control,200.0,poor_mixing,200.0,500.0,optimal,800.0,high_shear,kLa,iML1515,control_placeholder,low_state=poor_mixing; normal_state=optimal; high_state=high_shear; direction=control; unit=rpm,literature,Shiloach & Fass 2005; Garcia-Ochoa & Gomez 2009 Biotechnol Adv,MEDIUM,
E. coli,(base),ammonia,mM,substrate_and_byproduct,1.0,nitrogen_limited,1.0,10.0,optimal,30.0,excess,GLNS,iML1515,metabolic,low_state=nitrogen_limited; normal_state=optimal; high_state=excess; direction=substrate_and_byproduct; unit=mM,literature,Riesenberg et al. 1991 J Biotechnol; Shiloach & Fass 2005,HIGH,
E. coli,(base),glucose,g/L,substrate,1.0,carbon_starved,1.0,5.0,optimal,10.0,overflow_risk,GLCptspp,iML1515,metabolic,low_state=carbon_starved; normal_state=optimal; high_state=overflow_risk; direction=substrate; unit=g/L,literature,Lee 1996 Trends Biotechnol; Eiteman & Altman 2006 Trends Biotechnol,HIGH,
E. coli,(base),pH,,indicator,6.5,acidosis,6.5,7.0,optimal,7.5,alkalosis,EX_h_e,iML1515,metabolic,low_state=acidosis; normal_state=optimal; high_state=alkalosis; direction=indicator,literature,Shiloach & Fass 2005 Biotechnol Adv,HIGH,
E. coli,(base),temperature,C,control,30.0,reduced_temp,30.0,37.0,optimal,42.0,heat_shock,TEMP_CONTROL,iML1515,control_placeholder,low_state=reduced_temp; normal_state=optimal; high_state=heat_shock; direction=control; unit=C,textbook,Baneyx 1999 Curr Opin Biotechnol; Neidhardt et al. Physiology of the Bacterial Cell,HIGH,
E. coli,(base),titer,g/L,product,0.2,low_expression,0.2,1.0,on_track,5.0,high_expression,RECPROT_expression,iML1515,custom_exchange,low_state=low_expression; normal_state=on_track; high_state=high_expression; direction=product; unit=g/L,literature,Yee & Blanch 1992 Biotechnol Bioeng; strain/expression dependent,MEDIUM,
E. coli,(base),viability,%,indicator,55.0,lysis,55.0,80.0,moderate_stress,95.0,healthy,STRESS_RESPONSE,iML1515,biological_state,low_state=lysis; normal_state=moderate_stress; high_state=healthy; direction=indicator; unit=%,domain_knowledge,E. coli viability method-dependent (plate counts vs flow),MEDIUM,"Viability threshold widened conservatively: low 60.0% -> 55.0%. Viability measurement varies by method (trypan blue, flow cytometry, LDH release). Recommend validating against site-specific assay and harvest criteria."
HEK293,(base),CO2,%,byproduct,4.0,low_metabolism,4.0,10.0,optimal,15.0,hypercapnia,CS,Recon3D,metabolic,low_state=low_metabolism; normal_state=optimal; high_state=hypercapnia; direction=byproduct; unit=%,domain_knowledge,"Extrapolated from mammalian; HEK293-specific CER not published; CAVEAT: process-dependent, validate on-site",MEDIUM,"CO2 thresholds are CER-derived estimates. Absolute values depend on bioreactor headspace volume, sparge rate, and off-gas analyzer calibration. Use as relative trend indicator, not absolute setpoint. Validate against site-specific off-gas baseline."
HEK293,(base),DO,%,substrate,20.0,hypoxic,20.0,40.0,optimal,80.0,excess,COXE,Recon3D,metabolic,low_state=hypoxic; normal_state=optimal; high_state=excess; direction=substrate; unit=%,literature,Emmerling et al. 2016 Hum Gene Ther Methods,MEDIUM,
HEK293,(base),O2,%,substrate,15.0,oxygen_depleted,15.0,18.0,balanced,21.0,low_demand,COXE,Recon3D,metabolic,low_state=oxygen_depleted; normal_state=balanced; high_state=low_demand; direction=substrate; unit=%,domain_knowledge,"Extrapolated from mammalian off-gas; limited HEK293 data; CAVEAT: assumes air inlet, validate analyzer calibration",MEDIUM,"O2 off-gas thresholds depend on inlet composition (air vs enriched O2), sparge rate, headspace pressure, and analyzer placement. Values assume standard air inlet (21% O2). Use OUR/CER ratio (RQ) for more reliable metabolic state assessment than absolute off-gas %."
HEK293,(base),VCD,e6/mL,output,1.0,slow_growth,1.0,3.0,transfection_ready,6.0,overgrown,BIOMASS_hek293,Recon3D,custom_exchange,low_state=slow_growth; normal_state=transfection_ready; high_state=overgrown; direction=output; unit=e6/mL,literature,Grieger et al. 2016 Nat Protoc (transfection density 1.5-2.5e6),HIGH,
HEK293,(base),agitation,rpm,control,60.0,poor_mixing,60.0,130.0,optimal,200.0,shear_risk,kLa,Recon3D,control_placeholder,low_state=poor_mixing; normal_state=optimal; high_state=shear_risk; direction=control; unit=rpm,literature,Grieger et al. 2016 Nat Protoc; HEK293 shear sensitivity,MEDIUM,
HEK293,(base),ammonia,mM,byproduct,2.0,optimal,2.0,5.0,moderate,8.0,toxic,GLNS,Recon3D,metabolic,low_state=optimal; normal_state=moderate; high_state=toxic; direction=byproduct; unit=mM,domain_knowledge,Extrapolated from mammalian; HEK293-specific data sparse,MEDIUM,Threshold retained at current value with conservative margin. Limited organism-specific published data; based on domain expertise and related organism extrapolation. Recommend site-specific validation.
HEK293,(base),glucose,g/L,substrate,1.5,flux_limited,1.5,3.5,optimal,6.0,overflow_risk,HEX1,Recon3D,metabolic,low_state=flux_limited; normal_state=optimal; high_state=overflow_risk; direction=substrate; unit=g/L,literature,Grieger et al. 2016 Nat Protoc; Henry et al. 2011 Biotechnol Bioeng,MEDIUM,
HEK293,(base),lactate,g/L,byproduct,0.5,optimal,0.5,2.5,moderate,5.0,critical,LDH_L,Recon3D,metabolic,low_state=optimal; normal_state=moderate; high_state=critical; direction=byproduct; unit=g/L,literature,Cervera et al. 2013 J Biotechnol; Blessing et al. 2019 Mol Ther,MEDIUM,
HEK293,(base),pH,,indicator,6.9,acidosis,6.9,7.2,optimal,7.5,alkalosis,ATPM,Recon3D,metabolic,low_state=acidosis; normal_state=optimal; high_state=alkalosis; direction=indicator,literature,Grieger et al. 2016 Nat Protoc,HIGH,
HEK293,(base),temperature,C,control,35.0,cold_shift,35.0,37.0,optimal,38.5,heat_stress,TEMP_SHIFT,Recon3D,control_placeholder,low_state=cold_shift; normal_state=optimal; high_state=heat_stress; direction=control; unit=C,literature,Grieger et al. 2016 Nat Protoc,HIGH,
HEK293,(base),titer,vg/mL,product,10000000000.0,low_production,10000000000.0,100000000000.0,on_track,1000000000000.0,high_producing,AAV_assembly,Recon3D,custom_exchange,low_state=low_production; normal_state=on_track; high_state=high_producing; direction=product; unit=vg/mL,literature,Grieger et al. 2016 Nat Protoc (AAV vg/mL); Blessing et al. 2019,HIGH,
HEK293,(base),viability,%,indicator,65.0,critical,65.0,80.0,healthy,95.0,excellent,APOPTOSIS,Recon3D,biological_state,low_state=critical; normal_state=healthy; high_state=excellent; direction=indicator; unit=%,literature,Naso et al. 2017 BioDrugs; post-transfection drop expected,HIGH,
NS0,(base),CO2,%,byproduct,4.0,low_metabolism,4.0,10.0,optimal,15.0,hypercapnia,CS,iNS0_1091,metabolic,low_state=low_metabolism; normal_state=optimal; high_state=hypercapnia; direction=byproduct; unit=%,domain_knowledge,"Extrapolated from mammalian; NS0-specific CER not published; CAVEAT: process-dependent, validate on-site",MEDIUM,"CO2 thresholds are CER-derived estimates. Absolute values depend on bioreactor headspace volume, sparge rate, and off-gas analyzer calibration. Use as relative trend indicator, not absolute setpoint. Validate against site-specific off-gas baseline."
NS0,(base),DO,%,substrate,20.0,hypoxic,20.0,40.0,optimal,80.0,excess,COXE,iNS0_1091,metabolic,low_state=hypoxic; normal_state=optimal; high_state=excess; direction=substrate; unit=%,literature,Mostafa & Gu 2003 Biotechnol Prog,MEDIUM,
NS0,(base),O2,%,substrate,15.0,oxygen_depleted,15.0,18.0,balanced,21.0,low_demand,COXE,iNS0_1091,metabolic,low_state=oxygen_depleted; normal_state=balanced; high_state=low_demand; direction=substrate; unit=%,domain_knowledge,"Extrapolated from mammalian off-gas; CAVEAT: assumes air inlet, validate analyzer calibration",MEDIUM,"O2 off-gas thresholds depend on inlet composition (air vs enriched O2), sparge rate, headspace pressure, and analyzer placement. Values assume standard air inlet (21% O2). Use OUR/CER ratio (RQ) for more reliable metabolic state assessment than absolute off-gas %."
NS0,(base),VCD,e6/mL,output,3.0,slow_growth,3.0,8.0,exponential,15.0,peak_density,BIOMASS_ns0,iNS0_1091,custom_exchange,low_state=slow_growth; normal_state=exponential; high_state=peak_density; direction=output; unit=e6/mL,literature,Mostafa & Gu 2003 Biotechnol Prog,MEDIUM,
NS0,(base),agitation,rpm,control,80.0,poor_mixing,80.0,180.0,optimal,300.0,shear_risk,kLa,iNS0_1091,control_placeholder,low_state=poor_mixing; normal_state=optimal; high_state=shear_risk; direction=control; unit=rpm,domain_knowledge,NS0 moderate shear sensitivity; limited published data,MEDIUM,NS0 agitation thresholds estimated from general mammalian suspension culture. NS0 moderately shear-sensitive (between CHO and hybridoma). Scale-dependent: validate tip speed and power/volume at your scale.
NS0,(base),ammonia,mM,byproduct,2.0,optimal,2.0,5.0,moderate,7.0,toxic,GLNS_absent,iNS0_1091,metabolic,low_state=optimal; normal_state=moderate; high_state=toxic; direction=byproduct; unit=mM,literature,Schneider et al. 1996 J Biotechnol; Yang & Butler 2000 (GS-deficient),HIGH,
NS0,(base),glucose,g/L,substrate,1.5,flux_limited,1.5,4.0,optimal,7.0,overflow_risk,HEX1,iNS0_1091,metabolic,low_state=flux_limited; normal_state=optimal; high_state=overflow_risk; direction=substrate; unit=g/L,literature,Mostafa & Gu 2003 Biotechnol Prog,MEDIUM,
NS0,(base),lactate,g/L,byproduct,0.8,optimal,0.8,3.0,moderate,5.0,critical,LDH_L,iNS0_1091,metabolic,low_state=optimal; normal_state=moderate; high_state=critical; direction=byproduct; unit=g/L,literature,Seth et al. 2006 Biotechnol Bioeng; Mostafa & Gu 2003,MEDIUM,
NS0,(base),pH,,indicator,6.8,acidosis,6.8,7.1,optimal,7.4,alkalosis,ATPM,iNS0_1091,metabolic,low_state=acidosis; normal_state=optimal; high_state=alkalosis; direction=indicator,literature,Omasa et al. 2010 J Biosci Bioeng,MEDIUM,
NS0,(base),temperature,C,control,35.0,cold_shift,35.0,37.0,optimal,38.0,heat_stress,TEMP_SHIFT,iNS0_1091,control_placeholder,low_state=cold_shift; normal_state=optimal; high_state=heat_stress; direction=control; unit=C,domain_knowledge,Standard mammalian 37C; NS0-specific temp shift data limited,MEDIUM,NS0 temperature thresholds inherited from standard mammalian 37C culture. Cold shift (33-35C) less effective for NS0 than CHO for productivity boost (limited published evidence). Recommend process-specific validation.
NS0,(base),titer,g/L,product,0.3,low_production,0.3,1.5,on_track,3.0,high_producing,IgG_production,iNS0_1091,custom_exchange,low_state=low_production; normal_state=on_track; high_state=high_producing; direction=product; unit=g/L,domain_knowledge,NS0 typically lower yielding than CHO; process-specific,MEDIUM,
NS0,(base),viability,%,indicator,70.0,critical,70.0,88.0,healthy,95.0,excellent,APOPTOSIS,iNS0_1091,biological_state,low_state=critical; normal_state=healthy; high_state=excellent; direction=indicator; unit=%,domain_knowledge,NS0 cholesterol auxotrophy limits recovery; threshold extrapolated,MEDIUM,"Viability threshold widened conservatively: low 75.0% -> 70.0%. Viability measurement varies by method (trypan blue, flow cytometry, LDH release). Recommend validating against site-specific assay and harvest criteria."
P. pastoris,(base),CO2,%,byproduct,2.0,low_metabolism,2.0,10.0,optimal,18.0,high_respiration,FDH,iMT1026v3,metabolic,low_state=low_metabolism; normal_state=optimal; high_state=high_respiration; direction=byproduct; unit=%,literature,Cos et al. 2006 (CER/RQ for methanol phase),MEDIUM,
P. pastoris,(base),DO,%,substrate,15.0,hypoxic,15.0,30.0,optimal,70.0,excess,CYOOm,iMT1026v3,metabolic,low_state=hypoxic; normal_state=optimal; high_state=excess; direction=substrate; unit=%,literature,Cos et al. 2006 Biotechnol Bioeng (AOX O2 demand),HIGH,
P. pastoris,(base),O2,%,substrate,12.0,high_OUR,12.0,17.0,balanced,21.0,low_demand,AOX,iMT1026v3,metabolic,low_state=high_OUR; normal_state=balanced; high_state=low_demand; direction=substrate; unit=%,literature,Cos et al. 2006 (highest OUR of any bioprocess),HIGH,
P. pastoris,(base),OD600,OD,output,50.0,low_density,50.0,200.0,induction_ready,400.0,ultra_high_density,BIOMASS_Pp,iMT1026v3,custom_exchange,low_state=low_density; normal_state=induction_ready; high_state=ultra_high_density; direction=output; unit=OD,literature,Cos et al. 2006; Potvin et al. 2012 (OD 200-500),HIGH,
P. pastoris,(base),agitation,rpm,control,300.0,poor_mixing,300.0,700.0,optimal,1200.0,extreme,kLa,iMT1026v3,control_placeholder,low_state=poor_mixing; normal_state=optimal; high_state=extreme; direction=control; unit=rpm,literature,Cos et al. 2006; Potvin et al. 2012 (high-density kLa),MEDIUM,
P. pastoris,(base),ammonia,mM,substrate,1.0,nitrogen_limited,1.0,10.0,optimal,30.0,excess,GLNS,iMT1026v3,metabolic,low_state=nitrogen_limited; normal_state=optimal; high_state=excess; direction=substrate; unit=mM,domain_knowledge,Pichia nitrogen; limited organism-specific threshold studies,MEDIUM,Pichia ammonia thresholds based on general yeast nitrogen assimilation. NH4+ is primary N source for Pichia; 10 mM working concentration standard. Upper toxicity threshold (30 mM) conservative; Pichia more tolerant than mammalian cells. Validate for your strain and pH setpoint.
P. pastoris,(base),ethanol,g/L,byproduct,0.2,optimal,0.2,1.0,moderate,3.0,overflow,ALCD2x,iMT1026v3,metabolic,low_state=optimal; normal_state=moderate; high_state=overflow; direction=byproduct; unit=g/L,literature,Cos et al. 2006 (Crabtree-negative overflow),MEDIUM,
P. pastoris,(base),glucose,g/L,substrate,0.5,depleted,0.5,3.0,optimal,8.0,excess,HEX1,iMT1026v3,metabolic,low_state=depleted; normal_state=optimal; high_state=excess; direction=substrate; unit=g/L,literature,Cos et al. 2006 Biotechnol Bioeng; Cereghino & Cregg 2000 FEMS,HIGH,
P. pastoris,(base),methanol,g/L,substrate_and_inducer,0.5,sub_induction,0.5,3.0,optimal,8.0,toxic,AOX,iMT1026v3,metabolic,low_state=sub_induction; normal_state=optimal; high_state=toxic; direction=substrate_and_inducer; unit=g/L,literature,Cos et al. 2006 Biotechnol Bioeng; Looser et al. 2015 Biotechnol Adv,HIGH,
P. pastoris,(base),pH,,indicator,5.0,acidic,5.0,6.2,optimal,6.8,above_optimum,EX_h_e,iMT1026v3,metabolic,low_state=acidic; normal_state=optimal; high_state=above_optimum; direction=indicator,literature,Cos et al. 2006 Biotechnol Bioeng; Potvin et al. 2012 Biotechnol Adv,HIGH,
P. pastoris,(base),temperature,C,control,25.0,cold_shift,25.0,30.0,optimal,35.0,heat_stress,TEMP_CONTROL,iMT1026v3,control_placeholder,low_state=cold_shift; normal_state=optimal; high_state=heat_stress; direction=control; unit=C,literature,Cos et al. 2006; Looser et al. 2015,HIGH,
P. pastoris,(base),titer,g/L,product,0.5,low_expression,0.5,3.0,on_track,10.0,high_expression,RECPROT_secretion,iMT1026v3,custom_exchange,low_state=low_expression; normal_state=on_track; high_state=high_expression; direction=product; unit=g/L,literature,Cos et al. 2006; Looser et al. 2015 (secreted protein range),MEDIUM,
P. pastoris,(base),viability,%,indicator,65.0,critical,65.0,85.0,healthy,95.0,excellent,STRESS_RESPONSE,iMT1026v3,biological_state,low_state=critical; normal_state=healthy; high_state=excellent; direction=indicator; unit=%,domain_knowledge,Methanol toxicity viability; limited published thresholds,MEDIUM,"Viability threshold widened conservatively: low 70.0% -> 65.0%. Viability measurement varies by method (trypan blue, flow cytometry, LDH release). Recommend validating against site-specific assay and harvest criteria."
S. cerevisiae,(base),CO2,%,byproduct,2.0,low_metabolism,2.0,10.0,optimal,20.0,high_fermentation,PDC,iMM904,metabolic,low_state=low_metabolism; normal_state=optimal; high_state=high_fermentation; direction=byproduct; unit=%,literature,Verduyn et al. 1992 (RQ/CER for Crabtree),MEDIUM,
S. cerevisiae,(base),DO,%,substrate,5.0,anaerobic,5.0,20.0,optimal,70.0,excess,CYOOm,iMM904,metabolic,low_state=anaerobic; normal_state=optimal; high_state=excess; direction=substrate; unit=%,literature,Verduyn et al. 1992; van Dijken et al. 2000 Enzyme Microb Technol,HIGH,
S. cerevisiae,(base),O2,%,substrate,15.0,high_OUR,15.0,19.0,balanced,21.0,low_demand,CYOOm,iMM904,metabolic,low_state=high_OUR; normal_state=balanced; high_state=low_demand; direction=substrate; unit=%,literature,van Dijken et al. 2000 Enzyme Microb Technol,MEDIUM,
S. cerevisiae,(base),OD600,OD,output,5.0,lag_or_slow,5.0,20.0,exponential,50.0,high_density,BIOMASS_SC5_notrace,iMM904,custom_exchange,low_state=lag_or_slow; normal_state=exponential; high_state=high_density; direction=output; unit=OD,literature,Castan et al. 2002 Biotechnol Bioeng,MEDIUM,
S. cerevisiae,(base),agitation,rpm,control,150.0,poor_mixing,150.0,400.0,optimal,700.0,high_shear,kLa,iMM904,control_placeholder,low_state=poor_mixing; normal_state=optimal; high_state=high_shear; direction=control; unit=rpm,domain_knowledge,Yeast shear tolerant; foam is primary concern,MEDIUM,
S. cerevisiae,(base),ammonia,mM,substrate,1.0,nitrogen_limited,1.0,10.0,optimal,30.0,excess,GLNS,iMM904,metabolic,low_state=nitrogen_limited; normal_state=optimal; high_state=excess; direction=substrate; unit=mM,literature,ter Schure et al. 2000 FEMS Microbiol Rev (NCR),HIGH,
S. cerevisiae,(base),ethanol,g/L,byproduct,1.0,optimal,1.0,5.0,moderate,15.0,inhibitory,ALCD2x,iMM904,metabolic,low_state=optimal; normal_state=moderate; high_state=inhibitory; direction=byproduct; unit=g/L,literature,Verduyn et al. 1992 Yeast; Ingledew 1999 ethanol tolerance,HIGH,
S. cerevisiae,(base),glucose,g/L,substrate,0.5,carbon_limited,0.5,5.0,optimal,15.0,crabtree_overflow,HEX1,iMM904,metabolic,low_state=carbon_limited; normal_state=optimal; high_state=crabtree_overflow; direction=substrate; unit=g/L,literature,Verduyn et al. 1992 Yeast; De Deken 1966 J Gen Microbiol,HIGH,
S. cerevisiae,(base),pH,,indicator,4.5,very_acidic,4.5,5.5,optimal,6.5,high_for_yeast,EX_h_e,iMM904,metabolic,low_state=very_acidic; normal_state=optimal; high_state=high_for_yeast; direction=indicator,literature,Verduyn et al. 1992 Yeast; Castan et al. 2002 Biotechnol Bioeng,HIGH,
S. cerevisiae,(base),temperature,C,control,25.0,cold_shift,25.0,30.0,optimal,37.0,heat_stress,TEMP_CONTROL,iMM904,control_placeholder,low_state=cold_shift; normal_state=optimal; high_state=heat_stress; direction=control; unit=C,textbook,Morano et al. 2012 Genetics; Verduyn et al. 1992,HIGH,
S. cerevisiae,(base),titer,g/L,product,0.1,low_expression,0.1,0.5,on_track,2.0,high_expression,VLP_assembly,iMM904,custom_exchange,low_state=low_expression; normal_state=on_track; high_state=high_expression; direction=product; unit=g/L,domain_knowledge,VLP/antigen; product and promoter dependent,MEDIUM,"S. cerevisiae titer thresholds depend on product type (VLP, secreted protein, intracellular). VLP titres typically 0.1-2 g/L total protein equivalent. Intracellular products require cell lysis for quantification. Replace with product-specific assay thresholds."
S. cerevisiae,(base),viability,%,indicator,65.0,critical,65.0,85.0,healthy,96.0,excellent,STRESS_RESPONSE,iMM904,biological_state,low_state=critical; normal_state=healthy; high_state=excellent; direction=indicator; unit=%,domain_knowledge,Yeast autolysis; viability thresholds process-specific,MEDIUM,"Viability threshold widened conservatively: low 70.0% -> 65.0%. Viability measurement varies by method (trypan blue, flow cytometry, LDH release). Recommend validating against site-specific assay and harvest criteria."
Sp2/0,(base),CO2,%,byproduct,4.0,low_metabolism,4.0,10.0,optimal,14.0,hypercapnia,CS,iSp2_0,metabolic,low_state=low_metabolism; normal_state=optimal; high_state=hypercapnia; direction=byproduct; unit=%,domain_knowledge,"Extrapolated from mammalian; CAVEAT: process-dependent, validate on-site",MEDIUM,"CO2 thresholds are CER-derived estimates. Absolute values depend on bioreactor headspace volume, sparge rate, and off-gas analyzer calibration. Use as relative trend indicator, not absolute setpoint. Validate against site-specific off-gas baseline."
Sp2/0,(base),DO,%,substrate,20.0,hypoxic,20.0,40.0,optimal,80.0,excess,COXE,iSp2_0,metabolic,low_state=hypoxic; normal_state=optimal; high_state=excess; direction=substrate; unit=%,domain_knowledge,Hybridoma DO extrapolated; Sp2/0-specific limited,MEDIUM,Sp2/0 DO thresholds inherited from CHO/mammalian defaults. Hybridoma oxygen demand generally lower than CHO at equivalent density. Conservative thresholds appropriate; validate with your cell line.
Sp2/0,(base),O2,%,substrate,15.0,oxygen_depleted,15.0,18.0,balanced,21.0,low_demand,COXE,iSp2_0,metabolic,low_state=oxygen_depleted; normal_state=balanced; high_state=low_demand; direction=substrate; unit=%,domain_knowledge,"Extrapolated from mammalian off-gas; CAVEAT: assumes air inlet, validate analyzer calibration",MEDIUM,"O2 off-gas thresholds depend on inlet composition (air vs enriched O2), sparge rate, headspace pressure, and analyzer placement. Values assume standard air inlet (21% O2). Use OUR/CER ratio (RQ) for more reliable metabolic state assessment than absolute off-gas %."
Sp2/0,(base),VCD,e6/mL,output,2.0,slow_growth,2.0,6.0,exponential,12.0,peak_density,BIOMASS_sp20,iSp2_0,custom_exchange,low_state=slow_growth; normal_state=exponential; high_state=peak_density; direction=output; unit=e6/mL,literature,Ljunggren & Haggstrom 1994 Biotechnol Bioeng,MEDIUM,
Sp2/0,(base),agitation,rpm,control,60.0,poor_mixing,60.0,150.0,optimal,250.0,shear_risk,kLa,iSp2_0,control_placeholder,low_state=poor_mixing; normal_state=optimal; high_state=shear_risk; direction=control; unit=rpm,literature,Michaels et al. 1991 Biotechnol Bioeng (hybridoma shear),MEDIUM,
Sp2/0,(base),ammonia,mM,byproduct,2.0,optimal,2.0,4.5,moderate,6.0,toxic,GLNS,iSp2_0,metabolic,low_state=optimal; normal_state=moderate; high_state=toxic; direction=byproduct; unit=mM,literature,Ljunggren & Haggstrom 1994 Biotechnol Bioeng,MEDIUM,
Sp2/0,(base),glucose,g/L,substrate,1.5,flux_limited,1.5,4.0,optimal,7.0,overflow_risk,HEX1,iSp2_0,metabolic,low_state=flux_limited; normal_state=optimal; high_state=overflow_risk; direction=substrate; unit=g/L,literature,Europa et al. 2000 Biotechnol Bioeng,MEDIUM,
Sp2/0,(base),lactate,g/L,byproduct,0.5,optimal,0.5,2.5,moderate,4.5,critical,LDH_L,iSp2_0,metabolic,low_state=optimal; normal_state=moderate; high_state=critical; direction=byproduct; unit=g/L,literature,Europa et al. 2000 Biotechnol Bioeng; Ljunggren & Haggstrom 1994,MEDIUM,
Sp2/0,(base),pH,,indicator,6.8,acidosis,6.8,7.2,optimal,7.4,alkalosis,ATPM,iSp2_0,metabolic,low_state=acidosis; normal_state=optimal; high_state=alkalosis; direction=indicator,literature,Ljunggren & Haggstrom 1994 Biotechnol Bioeng,MEDIUM,
Sp2/0,(base),temperature,C,control,35.0,cold_shift,35.0,37.0,optimal,38.0,heat_stress,TEMP_SHIFT,iSp2_0,control_placeholder,low_state=cold_shift; normal_state=optimal; high_state=heat_stress; direction=control; unit=C,domain_knowledge,Standard mammalian 37C; hybridoma temp sensitivity,MEDIUM,Sp2/0 temperature thresholds from general hybridoma culture practice. Hybridomas historically more temperature-sensitive than CHO. Cold shift not commonly used for hybridoma production.
Sp2/0,(base),titer,g/L,product,0.2,low_production,0.2,0.8,on_track,2.0,high_producing,IgG_production,iSp2_0,custom_exchange,low_state=low_production; normal_state=on_track; high_state=high_producing; direction=product; unit=g/L,domain_knowledge,Hybridoma mAb typically 0.1-2 g/L; process-specific,MEDIUM,
Sp2/0,(base),viability,%,indicator,55.0,critical,55.0,80.0,healthy,95.0,excellent,APOPTOSIS,iSp2_0,biological_state,low_state=critical; normal_state=healthy; high_state=excellent; direction=indicator; unit=%,domain_knowledge,Hybridoma fragility; specific threshold data sparse,MEDIUM,"Viability threshold widened conservatively: low 60.0% -> 55.0%. Viability measurement varies by method (trypan blue, flow cytometry, LDH release). Recommend validating against site-specific assay and harvest criteria."
CHO,CHO-DG44,CO2,%,byproduct,5.0,low_metabolism,5.0,10.0,optimal,15.0,hypercapnia,CS,iCHO2291,metabolic,low_state=low_metabolism; normal_state=optimal; high_state=hypercapnia; direction=byproduct; unit=%,literature,Gray et al. 1996 Cytotechnology; Goudar et al. 2006 Biotechnol Prog,MEDIUM,
CHO,CHO-DG44,DO,%,substrate,20.0,hypoxic,20.0,40.0,optimal,80.0,excess,COXE,iCHO2291,metabolic,low_state=hypoxic; normal_state=optimal; high_state=excess; direction=substrate; unit=%,literature,Restelli et al. 2006 Biotechnol Bioeng,HIGH,
CHO,CHO-DG44,O2,%,substrate,15.0,oxygen_depleted,15.0,18.0,balanced,21.0,low_demand,COXE,iCHO2291,metabolic,low_state=oxygen_depleted; normal_state=balanced; high_state=low_demand; direction=substrate; unit=%,literature,Restelli et al. 2006 Biotechnol Bioeng (off-gas analysis),MEDIUM,
CHO,CHO-DG44,VCD,e6/mL,output,4.0,slow_growth,4.0,12.0,exponential,25.0,peak_density,BIOMASS_cho,iCHO2291,custom_exchange,low_state=slow_growth; normal_state=exponential; high_state=peak_density; direction=output; unit=e6/mL,domain_knowledge,DG44 lower peak due to MTX amplification burden,MEDIUM,"Inherited from CHO base organism (confidence=HIGH). Strain-specific adjustment applied. Base citation: Huang et al. 2010 Biotechnol Bioeng. Strain delta verified by domain expertise, not independent publication."
CHO,CHO-DG44,agitation,rpm,control,100.0,poor_mixing,100.0,200.0,optimal,350.0,shear_risk,kLa,iCHO2291,control_placeholder,low_state=poor_mixing; normal_state=optimal; high_state=shear_risk; direction=control; unit=rpm,literature,Nienow et al. 2013 Biochem Eng J,MEDIUM,
CHO,CHO-DG44,ammonia,mM,byproduct,2.0,optimal,2.0,5.0,moderate,7.0,toxic,GLNS,iCHO2291,metabolic,low_state=optimal; normal_state=moderate; high_state=toxic; direction=byproduct; unit=mM,domain_knowledge,DG44 ammonia sensitivity; limited comparative data,MEDIUM,"Inherited from CHO base organism (confidence=HIGH). Strain-specific adjustment applied. Base citation: Yang & Butler 2000 Biotechnol Bioeng; Chen & Bhargava 2011 Biotechnol Adv. Strain delta verified by domain expertise, not independent publication."
CHO,CHO-DG44,glucose,g/L,substrate,1.8,flux_limited,1.8,4.0,optimal,5.5,overflow_risk,HEX1,iCHO2291,metabolic,low_state=flux_limited; normal_state=optimal; high_state=overflow_risk; direction=substrate; unit=g/L,literature,Urlaub & Chasin 1980 PNAS; Kaufman 1990 Methods Enzymol,MEDIUM,
CHO,CHO-DG44,lactate,g/L,byproduct,0.8,optimal,0.8,2.5,moderate,4.5,critical,LDH_L,iCHO2291,metabolic,low_state=optimal; normal_state=moderate; high_state=critical; direction=byproduct; unit=g/L,domain_knowledge,DG44 higher glycolytic flux; 20-30% more lactate than K1,MEDIUM,"Inherited from CHO base organism (confidence=HIGH). Strain-specific adjustment applied. Base citation: Zagari et al. 2013 New Biotechnol; Luo et al. 2012 Biotechnol Bioeng. Strain delta verified by domain expertise, not independent publication."
CHO,CHO-DG44,pH,,indicator,6.9,acidosis,6.9,7.2,optimal,7.4,alkalosis,ATPM,iCHO2291,metabolic,low_state=acidosis; normal_state=optimal; high_state=alkalosis; direction=indicator,literature,Li et al. 2010 Biotechnol Bioeng; Trummer et al. 2006 Biotechnol Bioeng,HIGH,
CHO,CHO-DG44,temperature,C,control,35.0,cold_shift,35.0,37.0,optimal,38.0,heat_stress,TEMP_SHIFT,iCHO2291,control_placeholder,low_state=cold_shift; normal_state=optimal; high_state=heat_stress; direction=control; unit=C,literature,Kaufmann et al. 1999 Biotechnol Bioeng; Yoon et al. 2003 Biotechnol Bioeng,HIGH,
CHO,CHO-DG44,titer,g/L,product,0.5,low_production,0.5,2.5,on_track,5.0,high_producing,IgG_production,iCHO2291,custom_exchange,low_state=low_production; normal_state=on_track; high_state=high_producing; direction=product; unit=g/L,literature,Kaufman 1990 Methods Enzymol (DHFR-MTX amplification),MEDIUM,
CHO,CHO-DG44,viability,%,indicator,75.0,critical,75.0,90.0,healthy,95.0,excellent,APOPTOSIS,iCHO2291,biological_state,low_state=critical; normal_state=healthy; high_state=excellent; direction=indicator; unit=%,regulatory,ICH Q5D; industry standard fed-batch harvest criteria,HIGH,
CHO,CHO-GS,CO2,%,byproduct,5.0,low_metabolism,5.0,10.0,optimal,15.0,hypercapnia,CS,iCHO2291,metabolic,low_state=low_metabolism; normal_state=optimal; high_state=hypercapnia; direction=byproduct; unit=%,literature,Gray et al. 1996 Cytotechnology; Goudar et al. 2006 Biotechnol Prog,MEDIUM,
CHO,CHO-GS,DO,%,substrate,20.0,hypoxic,20.0,40.0,optimal,80.0,excess,COXE,iCHO2291,metabolic,low_state=hypoxic; normal_state=optimal; high_state=excess; direction=substrate; unit=%,literature,Restelli et al. 2006 Biotechnol Bioeng,HIGH,
CHO,CHO-GS,O2,%,substrate,15.0,oxygen_depleted,15.0,18.0,balanced,21.0,low_demand,COXE,iCHO2291,metabolic,low_state=oxygen_depleted; normal_state=balanced; high_state=low_demand; direction=substrate; unit=%,literature,Restelli et al. 2006 Biotechnol Bioeng (off-gas analysis),MEDIUM,
CHO,CHO-GS,VCD,e6/mL,output,4.0,slow_growth,4.0,14.0,exponential,28.0,peak_density,BIOMASS_cho,iCHO2291,custom_exchange,low_state=slow_growth; normal_state=exponential; high_state=peak_density; direction=output; unit=e6/mL,domain_knowledge,GS-CHO growth under MSX selection,MEDIUM,
CHO,CHO-GS,agitation,rpm,control,100.0,poor_mixing,100.0,200.0,optimal,350.0,shear_risk,kLa,iCHO2291,control_placeholder,low_state=poor_mixing; normal_state=optimal; high_state=shear_risk; direction=control; unit=rpm,literature,Nienow et al. 2013 Biochem Eng J,MEDIUM,
CHO,CHO-GS,ammonia,mM,byproduct,1.0,optimal,1.0,3.0,moderate,5.0,toxic,GLNS_knockout,iCHO2291,metabolic,low_state=optimal; normal_state=moderate; high_state=toxic; direction=byproduct; unit=mM,literature,Bebbington et al. 1992 Bio/Technology; Barnes et al. 2001 Cytotechnology,HIGH,
CHO,CHO-GS,glucose,g/L,substrate,2.0,flux_limited,2.0,4.0,optimal,6.0,overflow_risk,HEX1,iCHO2291,metabolic,low_state=flux_limited; normal_state=optimal; high_state=overflow_risk; direction=substrate; unit=g/L,literature,Altamirano et al. 2006 J Biotechnol; Glacken et al. 1988 Biotechnol Bioeng,HIGH,
CHO,CHO-GS,lactate,g/L,byproduct,0.5,optimal,0.5,1.8,moderate,3.5,critical,LDH_L,iCHO2291,metabolic,low_state=optimal; normal_state=moderate; high_state=critical; direction=byproduct; unit=g/L,domain_knowledge,GS system cleaner metabolism; less lactate than DHFR,MEDIUM,
CHO,CHO-GS,pH,,indicator,6.9,acidosis,6.9,7.2,optimal,7.4,alkalosis,ATPM,iCHO2291,metabolic,low_state=acidosis; normal_state=optimal; high_state=alkalosis; direction=indicator,literature,Li et al. 2010 Biotechnol Bioeng; Trummer et al. 2006 Biotechnol Bioeng,HIGH,
CHO,CHO-GS,temperature,C,control,35.0,cold_shift,35.0,37.0,optimal,38.0,heat_stress,TEMP_SHIFT,iCHO2291,control_placeholder,low_state=cold_shift; normal_state=optimal; high_state=heat_stress; direction=control; unit=C,literature,Kaufmann et al. 1999 Biotechnol Bioeng; Yoon et al. 2003 Biotechnol Bioeng,HIGH,
CHO,CHO-GS,titer,g/L,product,0.5,low_production,0.5,2.5,on_track,6.0,high_producing,IgG_production,iCHO2291,custom_exchange,low_state=low_production; normal_state=on_track; high_state=high_producing; direction=product; unit=g/L,literature,Fan et al. 2012 Biotechnol Bioeng (GS-CHO system),MEDIUM,
CHO,CHO-GS,viability,%,indicator,75.0,critical,75.0,90.0,healthy,95.0,excellent,APOPTOSIS,iCHO2291,biological_state,low_state=critical; normal_state=healthy; high_state=excellent; direction=indicator; unit=%,regulatory,ICH Q5D; industry standard fed-batch harvest criteria,HIGH,
CHO,CHO-K1,CO2,%,byproduct,5.0,low_metabolism,5.0,10.0,optimal,15.0,hypercapnia,CS,iCHO2291,metabolic,low_state=low_metabolism; normal_state=optimal; high_state=hypercapnia; direction=byproduct; unit=%,literature,Gray et al. 1996 Cytotechnology; Goudar et al. 2006 Biotechnol Prog,MEDIUM,
CHO,CHO-K1,DO,%,substrate,20.0,hypoxic,20.0,40.0,optimal,80.0,excess,COXE,iCHO2291,metabolic,low_state=hypoxic; normal_state=optimal; high_state=excess; direction=substrate; unit=%,literature,Restelli et al. 2006 Biotechnol Bioeng,HIGH,
CHO,CHO-K1,O2,%,substrate,15.0,oxygen_depleted,15.0,18.0,balanced,21.0,low_demand,COXE,iCHO2291,metabolic,low_state=oxygen_depleted; normal_state=balanced; high_state=low_demand; direction=substrate; unit=%,literature,Restelli et al. 2006 Biotechnol Bioeng (off-gas analysis),MEDIUM,
CHO,CHO-K1,VCD,e6/mL,output,5.0,slow_growth,5.0,15.0,exponential,30.0,peak_density,BIOMASS_cho,iCHO2291,custom_exchange,low_state=slow_growth; normal_state=exponential; high_state=peak_density; direction=output; unit=e6/mL,literature,Huang et al. 2010 Biotechnol Bioeng,HIGH,
CHO,CHO-K1,agitation,rpm,control,100.0,poor_mixing,100.0,200.0,optimal,350.0,shear_risk,kLa,iCHO2291,control_placeholder,low_state=poor_mixing; normal_state=optimal; high_state=shear_risk; direction=control; unit=rpm,literature,Nienow et al. 2013 Biochem Eng J,MEDIUM,
CHO,CHO-K1,ammonia,mM,byproduct,2.0,optimal,2.0,5.0,moderate,8.0,toxic,GLNS,iCHO2291,metabolic,low_state=optimal; normal_state=moderate; high_state=toxic; direction=byproduct; unit=mM,literature,Yang & Butler 2000 Biotechnol Bioeng; Chen & Bhargava 2011 Biotechnol Adv,HIGH,
CHO,CHO-K1,glucose,g/L,substrate,2.0,flux_limited,2.0,4.0,optimal,6.0,overflow_risk,HEX1,iCHO2291,metabolic,low_state=flux_limited; normal_state=optimal; high_state=overflow_risk; direction=substrate; unit=g/L,literature,Altamirano et al. 2006 J Biotechnol; Glacken et al. 1988 Biotechnol Bioeng,HIGH,
CHO,CHO-K1,lactate,g/L,byproduct,0.5,optimal,0.5,2.0,moderate,4.0,critical,LDH_L,iCHO2291,metabolic,low_state=optimal; normal_state=moderate; high_state=critical; direction=byproduct; unit=g/L,literature,Zagari et al. 2013 New Biotechnol; Luo et al. 2012 Biotechnol Bioeng,HIGH,
CHO,CHO-K1,pH,,indicator,6.9,acidosis,6.9,7.2,optimal,7.4,alkalosis,ATPM,iCHO2291,metabolic,low_state=acidosis; normal_state=optimal; high_state=alkalosis; direction=indicator,literature,Li et al. 2010 Biotechnol Bioeng; Trummer et al. 2006 Biotechnol Bioeng,HIGH,
CHO,CHO-K1,temperature,C,control,35.0,cold_shift,35.0,37.0,optimal,38.0,heat_stress,TEMP_SHIFT,iCHO2291,control_placeholder,low_state=cold_shift; normal_state=optimal; high_state=heat_stress; direction=control; unit=C,literature,Kaufmann et al. 1999 Biotechnol Bioeng; Yoon et al. 2003 Biotechnol Bioeng,HIGH,
CHO,CHO-K1,titer,g/L,product,0.5,low_production,0.5,2.0,on_track,4.0,high_producing,IgG_production,iCHO2291,custom_exchange,low_state=low_production; normal_state=on_track; high_state=high_producing; direction=product; unit=g/L,domain_knowledge,Process-specific; typical CHO mAb range 1-10 g/L,MEDIUM,
CHO,CHO-K1,viability,%,indicator,75.0,critical,75.0,90.0,healthy,95.0,excellent,APOPTOSIS,iCHO2291,biological_state,low_state=critical; normal_state=healthy; high_state=excellent; direction=indicator; unit=%,regulatory,ICH Q5D; industry standard fed-batch harvest criteria,HIGH,
CHO,CHO-S,CO2,%,byproduct,4.0,low_metabolism,4.0,12.0,optimal,18.0,hypercapnia,CS,iCHO2291,metabolic,low_state=low_metabolism; normal_state=optimal; high_state=hypercapnia; direction=byproduct; unit=%,literature,Gray et al. 1996 Cytotechnology; Goudar et al. 2006 Biotechnol Prog,MEDIUM,
CHO,CHO-S,DO,%,substrate,25.0,hypoxic,25.0,45.0,optimal,80.0,excess,COXE,iCHO2291,metabolic,low_state=hypoxic; normal_state=optimal; high_state=excess; direction=substrate; unit=%,literature,Restelli et al. 2006 Biotechnol Bioeng,HIGH,
CHO,CHO-S,O2,%,substrate,13.0,oxygen_depleted,13.0,17.0,balanced,21.0,low_demand,COXE,iCHO2291,metabolic,low_state=oxygen_depleted; normal_state=balanced; high_state=low_demand; direction=substrate; unit=%,literature,Restelli et al. 2006 Biotechnol Bioeng (off-gas analysis),MEDIUM,
CHO,CHO-S,VCD,e6/mL,output,20.0,below_setpoint,20.0,60.0,steady_state,100.0,ultra_high_density,BIOMASS_cho,iCHO2291,custom_exchange,low_state=below_setpoint; normal_state=steady_state; high_state=ultra_high_density; direction=output; unit=e6/mL,literature,Huang et al. 2010 Biotechnol Bioeng,HIGH,
CHO,CHO-S,agitation,rpm,control,80.0,poor_mixing,80.0,180.0,optimal,300.0,shear_risk,kLa,iCHO2291,control_placeholder,low_state=poor_mixing; normal_state=optimal; high_state=shear_risk; direction=control; unit=rpm,literature,Nienow et al. 2013 Biochem Eng J,MEDIUM,
CHO,CHO-S,ammonia,mM,byproduct,1.5,optimal,1.5,4.0,moderate,7.0,toxic,GLNS,iCHO2291,metabolic,low_state=optimal; normal_state=moderate; high_state=toxic; direction=byproduct; unit=mM,literature,Yang & Butler 2000 Biotechnol Bioeng; Chen & Bhargava 2011 Biotechnol Adv,HIGH,
CHO,CHO-S,glucose,g/L,substrate,1.5,flux_limited,1.5,3.5,optimal,5.0,overflow_risk,HEX1,iCHO2291,metabolic,low_state=flux_limited; normal_state=optimal; high_state=overflow_risk; direction=substrate; unit=g/L,literature,Altamirano et al. 2006 J Biotechnol; Glacken et al. 1988 Biotechnol Bioeng,HIGH,
CHO,CHO-S,lactate,g/L,byproduct,0.3,optimal,0.3,1.5,moderate,3.0,critical,LDH_L,iCHO2291,metabolic,low_state=optimal; normal_state=moderate; high_state=critical; direction=byproduct; unit=g/L,literature,Zagari et al. 2013 New Biotechnol; Luo et al. 2012 Biotechnol Bioeng,HIGH,
CHO,CHO-S,pH,,indicator,6.85,acidosis,6.85,7.15,optimal,7.35,alkalosis,ATPM,iCHO2291,metabolic,low_state=acidosis; normal_state=optimal; high_state=alkalosis; direction=indicator,literature,Li et al. 2010 Biotechnol Bioeng; Trummer et al. 2006 Biotechnol Bioeng,HIGH,
CHO,CHO-S,temperature,C,control,34.0,cold_shift,34.0,36.5,optimal,37.5,heat_stress,TEMP_SHIFT,iCHO2291,control_placeholder,low_state=cold_shift; normal_state=optimal; high_state=heat_stress; direction=control; unit=C,literature,Kaufmann et al. 1999 Biotechnol Bioeng; Yoon et al. 2003 Biotechnol Bioeng,HIGH,
CHO,CHO-S,titer,g/L,product,0.3,low_production,0.3,1.0,on_track,2.5,high_producing,IgG_production,iCHO2291,custom_exchange,low_state=low_production; normal_state=on_track; high_state=high_producing; direction=product; unit=g/L,domain_knowledge,Process-specific; typical CHO mAb range 1-10 g/L,MEDIUM,
CHO,CHO-S,viability,%,indicator,75.0,critical,75.0,88.0,healthy,96.0,excellent,APOPTOSIS,iCHO2291,biological_state,low_state=critical; normal_state=healthy; high_state=excellent; direction=indicator; unit=%,regulatory,ICH Q5D; industry standard fed-batch harvest criteria,HIGH,
E. coli,BL21 Star,CO2,%,byproduct,2.0,low_respiration,2.0,8.0,optimal,15.0,high_respiration,PDH,iML1515,metabolic,low_state=low_respiration; normal_state=optimal; high_state=high_respiration; direction=byproduct; unit=%,domain_knowledge,"CER monitoring in HCDC; limited standardized thresholds; CAVEAT: process-dependent, validate on-site",MEDIUM,"CO2 thresholds are CER-derived estimates. Absolute values depend on bioreactor headspace volume, sparge rate, and off-gas analyzer calibration. Use as relative trend indicator, not absolute setpoint. Validate against site-specific off-gas baseline."
E. coli,BL21 Star,DO,%,substrate,10.0,microaerobic,10.0,30.0,optimal,80.0,excess,CYTBO3_4pp,iML1515,metabolic,low_state=microaerobic; normal_state=optimal; high_state=excess; direction=substrate; unit=%,literature,Shiloach & Fass 2005 Biotechnol Adv; Lara et al. 2006 Mol Biotechnol,HIGH,
E. coli,BL21 Star,O2,%,substrate,14.0,high_OUR,14.0,18.0,balanced,21.0,low_demand,CYTBO3_4pp,iML1515,metabolic,low_state=high_OUR; normal_state=balanced; high_state=low_demand; direction=substrate; unit=%,literature,Shiloach & Fass 2005 (OUR/CER monitoring),MEDIUM,
E. coli,BL21 Star,OD600,OD,output,5.0,lag_or_slow,5.0,30.0,exponential,80.0,high_density,BIOMASS_Ec_iML1515_core_75p37M,iML1515,custom_exchange,low_state=lag_or_slow; normal_state=exponential; high_state=high_density; direction=output; unit=OD,literature,Korz et al. 1995 J Biotechnol; Riesenberg & Guthke 1999,HIGH,
E. coli,BL21 Star,acetate,g/L,byproduct,0.5,optimal,0.5,2.0,moderate,5.0,inhibitory,PTAr,iML1515,metabolic,low_state=optimal; normal_state=moderate; high_state=inhibitory; direction=byproduct; unit=g/L,literature,Luli & Strohl 1990 Appl Environ Microbiol; Eiteman & Altman 2006,HIGH,
E. coli,BL21 Star,agitation,rpm,control,200.0,poor_mixing,200.0,500.0,optimal,800.0,high_shear,kLa,iML1515,control_placeholder,low_state=poor_mixing; normal_state=optimal; high_state=high_shear; direction=control; unit=rpm,literature,Shiloach & Fass 2005; Garcia-Ochoa & Gomez 2009 Biotechnol Adv,MEDIUM,
E. coli,BL21 Star,ammonia,mM,substrate_and_byproduct,1.0,nitrogen_limited,1.0,10.0,optimal,30.0,excess,GLNS,iML1515,metabolic,low_state=nitrogen_limited; normal_state=optimal; high_state=excess; direction=substrate_and_byproduct; unit=mM,literature,Riesenberg et al. 1991 J Biotechnol; Shiloach & Fass 2005,HIGH,
E. coli,BL21 Star,glucose,g/L,substrate,1.0,carbon_starved,1.0,5.0,optimal,10.0,overflow_risk,GLCptspp,iML1515,metabolic,low_state=carbon_starved; normal_state=optimal; high_state=overflow_risk; direction=substrate; unit=g/L,literature,Lee 1996 Trends Biotechnol; Eiteman & Altman 2006 Trends Biotechnol,HIGH,
E. coli,BL21 Star,pH,,indicator,6.5,acidosis,6.5,7.0,optimal,7.5,alkalosis,EX_h_e,iML1515,metabolic,low_state=acidosis; normal_state=optimal; high_state=alkalosis; direction=indicator,literature,Shiloach & Fass 2005 Biotechnol Adv,HIGH,
E. coli,BL21 Star,temperature,C,control,30.0,reduced_temp,30.0,37.0,optimal,42.0,heat_shock,TEMP_CONTROL,iML1515,control_placeholder,low_state=reduced_temp; normal_state=optimal; high_state=heat_shock; direction=control; unit=C,textbook,Baneyx 1999 Curr Opin Biotechnol; Neidhardt et al. Physiology of the Bacterial Cell,HIGH,
E. coli,BL21 Star,titer,g/L,product,0.3,low_expression,0.3,2.0,on_track,10.0,high_expression,RECPROT_expression,iML1515,custom_exchange,low_state=low_expression; normal_state=on_track; high_state=high_expression; direction=product; unit=g/L,literature,Lopez et al. 2009 Microb Cell Fact (rne131),MEDIUM,
E. coli,BL21 Star,viability,%,indicator,50.0,lysis,50.0,72.0,moderate_stress,95.0,healthy,STRESS_RESPONSE,iML1515,biological_state,low_state=lysis; normal_state=moderate_stress; high_state=healthy; direction=indicator; unit=%,domain_knowledge,Higher expression burden; faster viability decline,MEDIUM,"Inherited from E. coli base organism (confidence=MEDIUM). Strain-specific adjustment applied. Base citation: E. coli viability method-dependent (plate counts vs flow). Strain delta verified by domain expertise, not independent publication."
E. coli,BL21(DE3),CO2,%,byproduct,2.0,low_respiration,2.0,8.0,optimal,15.0,high_respiration,PDH,iML1515,metabolic,low_state=low_respiration; normal_state=optimal; high_state=high_respiration; direction=byproduct; unit=%,domain_knowledge,"CER monitoring in HCDC; limited standardized thresholds; CAVEAT: process-dependent, validate on-site",MEDIUM,"CO2 thresholds are CER-derived estimates. Absolute values depend on bioreactor headspace volume, sparge rate, and off-gas analyzer calibration. Use as relative trend indicator, not absolute setpoint. Validate against site-specific off-gas baseline."
E. coli,BL21(DE3),DO,%,substrate,10.0,microaerobic,10.0,30.0,optimal,80.0,excess,CYTBO3_4pp,iML1515,metabolic,low_state=microaerobic; normal_state=optimal; high_state=excess; direction=substrate; unit=%,literature,Shiloach & Fass 2005 Biotechnol Adv; Lara et al. 2006 Mol Biotechnol,HIGH,
E. coli,BL21(DE3),O2,%,substrate,14.0,high_OUR,14.0,18.0,balanced,21.0,low_demand,CYTBO3_4pp,iML1515,metabolic,low_state=high_OUR; normal_state=balanced; high_state=low_demand; direction=substrate; unit=%,literature,Shiloach & Fass 2005 (OUR/CER monitoring),MEDIUM,
E. coli,BL21(DE3),OD600,OD,output,5.0,lag_or_slow,5.0,30.0,exponential,80.0,high_density,BIOMASS_Ec_iML1515_core_75p37M,iML1515,custom_exchange,low_state=lag_or_slow; normal_state=exponential; high_state=high_density; direction=output; unit=OD,literature,Korz et al. 1995 J Biotechnol; Riesenberg & Guthke 1999,HIGH,
E. coli,BL21(DE3),acetate,g/L,byproduct,0.5,optimal,0.5,2.0,moderate,5.0,inhibitory,PTAr,iML1515,metabolic,low_state=optimal; normal_state=moderate; high_state=inhibitory; direction=byproduct; unit=g/L,literature,Luli & Strohl 1990 Appl Environ Microbiol; Eiteman & Altman 2006,HIGH,
E. coli,BL21(DE3),agitation,rpm,control,200.0,poor_mixing,200.0,500.0,optimal,800.0,high_shear,kLa,iML1515,control_placeholder,low_state=poor_mixing; normal_state=optimal; high_state=high_shear; direction=control; unit=rpm,literature,Shiloach & Fass 2005; Garcia-Ochoa & Gomez 2009 Biotechnol Adv,MEDIUM,
E. coli,BL21(DE3),ammonia,mM,substrate_and_byproduct,1.0,nitrogen_limited,1.0,10.0,optimal,30.0,excess,GLNS,iML1515,metabolic,low_state=nitrogen_limited; normal_state=optimal; high_state=excess; direction=substrate_and_byproduct; unit=mM,literature,Riesenberg et al. 1991 J Biotechnol; Shiloach & Fass 2005,HIGH,
E. coli,BL21(DE3),glucose,g/L,substrate,1.0,carbon_starved,1.0,5.0,optimal,10.0,overflow_risk,GLCptspp,iML1515,metabolic,low_state=carbon_starved; normal_state=optimal; high_state=overflow_risk; direction=substrate; unit=g/L,literature,Lee 1996 Trends Biotechnol; Eiteman & Altman 2006 Trends Biotechnol,HIGH,
E. coli,BL21(DE3),pH,,indicator,6.5,acidosis,6.5,7.0,optimal,7.5,alkalosis,EX_h_e,iML1515,metabolic,low_state=acidosis; normal_state=optimal; high_state=alkalosis; direction=indicator,literature,Shiloach & Fass 2005 Biotechnol Adv,HIGH,
E. coli,BL21(DE3),temperature,C,control,25.0,reduced_temp,25.0,37.0,optimal,42.0,heat_shock,TEMP_CONTROL,iML1515,control_placeholder,low_state=reduced_temp; normal_state=optimal; high_state=heat_shock; direction=control; unit=C,literature,Baneyx 1999 Curr Opin Biotechnol,HIGH,
E. coli,BL21(DE3),titer,g/L,product,0.2,low_expression,0.2,1.5,on_track,8.0,high_expression,RECPROT_expression,iML1515,custom_exchange,low_state=low_expression; normal_state=on_track; high_state=high_expression; direction=product; unit=g/L,literature,Studier & Moffatt 1986 J Mol Biol (T7 system),HIGH,
E. coli,BL21(DE3),viability,%,indicator,55.0,lysis,55.0,75.0,moderate_stress,95.0,healthy,STRESS_RESPONSE,iML1515,biological_state,low_state=lysis; normal_state=moderate_stress; high_state=healthy; direction=indicator; unit=%,literature,Studier et al. 2009 Protein Expr Purif (lon/ompT),MEDIUM,
E. coli,HMS174(DE3),CO2,%,byproduct,2.0,low_respiration,2.0,8.0,optimal,15.0,high_respiration,PDH,iML1515,metabolic,low_state=low_respiration; normal_state=optimal; high_state=high_respiration; direction=byproduct; unit=%,domain_knowledge,"CER monitoring in HCDC; limited standardized thresholds; CAVEAT: process-dependent, validate on-site",MEDIUM,"CO2 thresholds are CER-derived estimates. Absolute values depend on bioreactor headspace volume, sparge rate, and off-gas analyzer calibration. Use as relative trend indicator, not absolute setpoint. Validate against site-specific off-gas baseline."
E. coli,HMS174(DE3),DO,%,substrate,10.0,microaerobic,10.0,30.0,optimal,80.0,excess,CYTBO3_4pp,iML1515,metabolic,low_state=microaerobic; normal_state=optimal; high_state=excess; direction=substrate; unit=%,literature,Shiloach & Fass 2005 Biotechnol Adv; Lara et al. 2006 Mol Biotechnol,HIGH,
E. coli,HMS174(DE3),O2,%,substrate,14.0,high_OUR,14.0,18.0,balanced,21.0,low_demand,CYTBO3_4pp,iML1515,metabolic,low_state=high_OUR; normal_state=balanced; high_state=low_demand; direction=substrate; unit=%,literature,Shiloach & Fass 2005 (OUR/CER monitoring),MEDIUM,
E. coli,HMS174(DE3),OD600,OD,output,5.0,lag_or_slow,5.0,25.0,exponential,60.0,high_density,BIOMASS_Ec_iML1515_core_75p37M,iML1515,custom_exchange,low_state=lag_or_slow; normal_state=exponential; high_state=high_density; direction=output; unit=OD,domain_knowledge,K-12 derivative lower density; recA- stability,MEDIUM,"Inherited from E. coli base organism (confidence=HIGH). Strain-specific adjustment applied. Base citation: Korz et al. 1995 J Biotechnol; Riesenberg & Guthke 1999. Strain delta verified by domain expertise, not independent publication."
E. coli,HMS174(DE3),acetate,g/L,byproduct,0.5,optimal,0.5,1.5,moderate,5.0,inhibitory,PTAr,iML1515,metabolic,low_state=optimal; normal_state=moderate; high_state=inhibitory; direction=byproduct; unit=g/L,domain_knowledge,K-12 vs B-strain acetate metabolism,MEDIUM,"Inherited from E. coli base organism (confidence=HIGH). Strain-specific adjustment applied. Base citation: Luli & Strohl 1990 Appl Environ Microbiol; Eiteman & Altman 2006. Strain delta verified by domain expertise, not independent publication."
E. coli,HMS174(DE3),agitation,rpm,control,200.0,poor_mixing,200.0,500.0,optimal,800.0,high_shear,kLa,iML1515,control_placeholder,low_state=poor_mixing; normal_state=optimal; high_state=high_shear; direction=control; unit=rpm,literature,Shiloach & Fass 2005; Garcia-Ochoa & Gomez 2009 Biotechnol Adv,MEDIUM,
E. coli,HMS174(DE3),ammonia,mM,substrate_and_byproduct,1.0,nitrogen_limited,1.0,10.0,optimal,30.0,excess,GLNS,iML1515,metabolic,low_state=nitrogen_limited; normal_state=optimal; high_state=excess; direction=substrate_and_byproduct; unit=mM,literature,Riesenberg et al. 1991 J Biotechnol; Shiloach & Fass 2005,HIGH,
E. coli,HMS174(DE3),glucose,g/L,substrate,1.0,carbon_starved,1.0,5.0,optimal,10.0,overflow_risk,GLCptspp,iML1515,metabolic,low_state=carbon_starved; normal_state=optimal; high_state=overflow_risk; direction=substrate; unit=g/L,literature,Lee 1996 Trends Biotechnol; Eiteman & Altman 2006 Trends Biotechnol,HIGH,
E. coli,HMS174(DE3),pH,,indicator,6.5,acidosis,6.5,7.0,optimal,7.5,alkalosis,EX_h_e,iML1515,metabolic,low_state=acidosis; normal_state=optimal; high_state=alkalosis; direction=indicator,literature,Shiloach & Fass 2005 Biotechnol Adv,HIGH,
E. coli,HMS174(DE3),temperature,C,control,30.0,reduced_temp,30.0,37.0,optimal,42.0,heat_shock,TEMP_CONTROL,iML1515,control_placeholder,low_state=reduced_temp; normal_state=optimal; high_state=heat_shock; direction=control; unit=C,textbook,Baneyx 1999 Curr Opin Biotechnol; Neidhardt et al. Physiology of the Bacterial Cell,HIGH,
E. coli,HMS174(DE3),titer,g/L,product,0.15,low_expression,0.15,0.8,on_track,3.0,high_expression,RECPROT_expression,iML1515,custom_exchange,low_state=low_expression; normal_state=on_track; high_state=high_expression; direction=product; unit=g/L,domain_knowledge,Active restriction; lower expression than BL21,MEDIUM,"Inherited from E. coli base organism (confidence=MEDIUM). Strain-specific adjustment applied. Base citation: Yee & Blanch 1992 Biotechnol Bioeng; strain/expression dependent. Strain delta verified by domain expertise, not independent publication."
E. coli,HMS174(DE3),viability,%,indicator,60.0,lysis,60.0,80.0,moderate_stress,95.0,healthy,STRESS_RESPONSE,iML1515,biological_state,low_state=lysis; normal_state=moderate_stress; high_state=healthy; direction=indicator; unit=%,domain_knowledge,E. coli viability method-dependent (plate counts vs flow),MEDIUM,"Inherited from E. coli base organism (confidence=MEDIUM). Strain-specific adjustment applied. Base citation: E. coli viability method-dependent (plate counts vs flow). Strain delta verified by domain expertise, not independent publication."
E. coli,K-12 MG1655,CO2,%,byproduct,2.0,low_respiration,2.0,8.0,optimal,15.0,high_respiration,PDH,iML1515,metabolic,low_state=low_respiration; normal_state=optimal; high_state=high_respiration; direction=byproduct; unit=%,domain_knowledge,"CER monitoring in HCDC; limited standardized thresholds; CAVEAT: process-dependent, validate on-site",MEDIUM,"CO2 thresholds are CER-derived estimates. Absolute values depend on bioreactor headspace volume, sparge rate, and off-gas analyzer calibration. Use as relative trend indicator, not absolute setpoint. Validate against site-specific off-gas baseline."
E. coli,K-12 MG1655,DO,%,substrate,10.0,microaerobic,10.0,30.0,optimal,80.0,excess,CYTBO3_4pp,iML1515,metabolic,low_state=microaerobic; normal_state=optimal; high_state=excess; direction=substrate; unit=%,literature,Shiloach & Fass 2005 Biotechnol Adv; Lara et al. 2006 Mol Biotechnol,HIGH,
E. coli,K-12 MG1655,O2,%,substrate,14.0,high_OUR,14.0,18.0,balanced,21.0,low_demand,CYTBO3_4pp,iML1515,metabolic,low_state=high_OUR; normal_state=balanced; high_state=low_demand; direction=substrate; unit=%,literature,Shiloach & Fass 2005 (OUR/CER monitoring),MEDIUM,
E. coli,K-12 MG1655,OD600,OD,output,5.0,lag_or_slow,5.0,20.0,exponential,50.0,high_density,BIOMASS_Ec_iML1515_core_75p37M,iML1515,custom_exchange,low_state=lag_or_slow; normal_state=exponential; high_state=high_density; direction=output; unit=OD,literature,Blattner et al. 1997 Science (MG1655 genome),HIGH,
E. coli,K-12 MG1655,acetate,g/L,byproduct,0.3,optimal,0.3,1.5,moderate,4.0,inhibitory,PTAr,iML1515,metabolic,low_state=optimal; normal_state=moderate; high_state=inhibitory; direction=byproduct; unit=g/L,literature,Kumari et al. 2000 J Bacteriol (acs in K-12),MEDIUM,
E. coli,K-12 MG1655,agitation,rpm,control,200.0,poor_mixing,200.0,500.0,optimal,800.0,high_shear,kLa,iML1515,control_placeholder,low_state=poor_mixing; normal_state=optimal; high_state=high_shear; direction=control; unit=rpm,literature,Shiloach & Fass 2005; Garcia-Ochoa & Gomez 2009 Biotechnol Adv,MEDIUM,
E. coli,K-12 MG1655,ammonia,mM,substrate_and_byproduct,1.0,nitrogen_limited,1.0,10.0,optimal,30.0,excess,GLNS,iML1515,metabolic,low_state=nitrogen_limited; normal_state=optimal; high_state=excess; direction=substrate_and_byproduct; unit=mM,literature,Riesenberg et al. 1991 J Biotechnol; Shiloach & Fass 2005,HIGH,
E. coli,K-12 MG1655,glucose,g/L,substrate,1.0,carbon_starved,1.0,5.0,optimal,10.0,overflow_risk,GLCptspp,iML1515,metabolic,low_state=carbon_starved; normal_state=optimal; high_state=overflow_risk; direction=substrate; unit=g/L,literature,Lee 1996 Trends Biotechnol; Eiteman & Altman 2006 Trends Biotechnol,HIGH,
E. coli,K-12 MG1655,pH,,indicator,6.5,acidosis,6.5,7.0,optimal,7.5,alkalosis,EX_h_e,iML1515,metabolic,low_state=acidosis; normal_state=optimal; high_state=alkalosis; direction=indicator,literature,Shiloach & Fass 2005 Biotechnol Adv,HIGH,
E. coli,K-12 MG1655,temperature,C,control,30.0,reduced_temp,30.0,37.0,optimal,42.0,heat_shock,TEMP_CONTROL,iML1515,control_placeholder,low_state=reduced_temp; normal_state=optimal; high_state=heat_shock; direction=control; unit=C,textbook,Baneyx 1999 Curr Opin Biotechnol; Neidhardt et al. Physiology of the Bacterial Cell,HIGH,
E. coli,K-12 MG1655,titer,g/L,product,0.1,low_expression,0.1,0.5,on_track,2.0,high_expression,RECPROT_expression,iML1515,custom_exchange,low_state=low_expression; normal_state=on_track; high_state=high_expression; direction=product; unit=g/L,domain_knowledge,Active lon/ompT degrade recombinant protein,MEDIUM,
E. coli,K-12 MG1655,viability,%,indicator,60.0,lysis,60.0,80.0,moderate_stress,95.0,healthy,STRESS_RESPONSE,iML1515,biological_state,low_state=lysis; normal_state=moderate_stress; high_state=healthy; direction=indicator; unit=%,domain_knowledge,E. coli viability method-dependent (plate counts vs flow),MEDIUM,"Inherited from E. coli base organism (confidence=MEDIUM). Strain-specific adjustment applied. Base citation: E. coli viability method-dependent (plate counts vs flow). Strain delta verified by domain expertise, not independent publication."
E. coli,W3110,CO2,%,byproduct,2.0,low_respiration,2.0,8.0,optimal,15.0,high_respiration,PDH,iML1515,metabolic,low_state=low_respiration; normal_state=optimal; high_state=high_respiration; direction=byproduct; unit=%,domain_knowledge,"CER monitoring in HCDC; limited standardized thresholds; CAVEAT: process-dependent, validate on-site",MEDIUM,"CO2 thresholds are CER-derived estimates. Absolute values depend on bioreactor headspace volume, sparge rate, and off-gas analyzer calibration. Use as relative trend indicator, not absolute setpoint. Validate against site-specific off-gas baseline."
E. coli,W3110,DO,%,substrate,10.0,microaerobic,10.0,30.0,optimal,80.0,excess,CYTBO3_4pp,iML1515,metabolic,low_state=microaerobic; normal_state=optimal; high_state=excess; direction=substrate; unit=%,literature,Shiloach & Fass 2005 Biotechnol Adv; Lara et al. 2006 Mol Biotechnol,HIGH,
E. coli,W3110,O2,%,substrate,14.0,high_OUR,14.0,18.0,balanced,21.0,low_demand,CYTBO3_4pp,iML1515,metabolic,low_state=high_OUR; normal_state=balanced; high_state=low_demand; direction=substrate; unit=%,literature,Shiloach & Fass 2005 (OUR/CER monitoring),MEDIUM,
E. coli,W3110,OD600,OD,output,5.0,lag_or_slow,5.0,25.0,exponential,65.0,high_density,BIOMASS_Ec_iML1515_core_75p37M,iML1515,custom_exchange,low_state=lag_or_slow; normal_state=exponential; high_state=high_density; direction=output; unit=OD,literature,Yoon et al. 2009 Biotechnol Bioeng,MEDIUM,
E. coli,W3110,acetate,g/L,byproduct,0.5,optimal,0.5,1.8,moderate,5.0,inhibitory,PTAr,iML1515,metabolic,low_state=optimal; normal_state=moderate; high_state=inhibitory; direction=byproduct; unit=g/L,literature,Well-characterized overflow; extensive fed-batch protocols,MEDIUM,
E. coli,W3110,agitation,rpm,control,200.0,poor_mixing,200.0,500.0,optimal,800.0,high_shear,kLa,iML1515,control_placeholder,low_state=poor_mixing; normal_state=optimal; high_state=high_shear; direction=control; unit=rpm,literature,Shiloach & Fass 2005; Garcia-Ochoa & Gomez 2009 Biotechnol Adv,MEDIUM,
E. coli,W3110,ammonia,mM,substrate_and_byproduct,1.0,nitrogen_limited,1.0,10.0,optimal,30.0,excess,GLNS,iML1515,metabolic,low_state=nitrogen_limited; normal_state=optimal; high_state=excess; direction=substrate_and_byproduct; unit=mM,literature,Riesenberg et al. 1991 J Biotechnol; Shiloach & Fass 2005,HIGH,
E. coli,W3110,glucose,g/L,substrate,1.0,carbon_starved,1.0,5.0,optimal,10.0,overflow_risk,GLCptspp,iML1515,metabolic,low_state=carbon_starved; normal_state=optimal; high_state=overflow_risk; direction=substrate; unit=g/L,literature,Lee 1996 Trends Biotechnol; Eiteman & Altman 2006 Trends Biotechnol,HIGH,
E. coli,W3110,pH,,indicator,6.5,acidosis,6.5,7.0,optimal,7.5,alkalosis,EX_h_e,iML1515,metabolic,low_state=acidosis; normal_state=optimal; high_state=alkalosis; direction=indicator,literature,Shiloach & Fass 2005 Biotechnol Adv,HIGH,
E. coli,W3110,temperature,C,control,28.0,reduced_temp,28.0,37.0,optimal,42.0,heat_shock,TEMP_CONTROL,iML1515,control_placeholder,low_state=reduced_temp; normal_state=optimal; high_state=heat_shock; direction=control; unit=C,literature,Swartz 2001 Curr Opin Biotechnol (28-30C soluble),MEDIUM,
E. coli,W3110,titer,g/L,product,0.2,low_expression,0.2,1.0,on_track,6.0,high_expression,RECPROT_expression,iML1515,custom_exchange,low_state=low_expression; normal_state=on_track; high_state=high_expression; direction=product; unit=g/L,regulatory,FDA-approved lineage for Humulin; Eli Lilly process,HIGH,
E. coli,W3110,viability,%,indicator,60.0,lysis,60.0,80.0,moderate_stress,95.0,healthy,STRESS_RESPONSE,iML1515,biological_state,low_state=lysis; normal_state=moderate_stress; high_state=healthy; direction=indicator; unit=%,domain_knowledge,E. coli viability method-dependent (plate counts vs flow),MEDIUM,"Inherited from E. coli base organism (confidence=MEDIUM). Strain-specific adjustment applied. Base citation: E. coli viability method-dependent (plate counts vs flow). Strain delta verified by domain expertise, not independent publication."
HEK293,HEK293F,CO2,%,byproduct,4.0,low_metabolism,4.0,10.0,optimal,15.0,hypercapnia,CS,Recon3D,metabolic,low_state=low_metabolism; normal_state=optimal; high_state=hypercapnia; direction=byproduct; unit=%,domain_knowledge,"Extrapolated from mammalian; HEK293-specific CER not published; CAVEAT: process-dependent, validate on-site",MEDIUM,"CO2 thresholds are CER-derived estimates. Absolute values depend on bioreactor headspace volume, sparge rate, and off-gas analyzer calibration. Use as relative trend indicator, not absolute setpoint. Validate against site-specific off-gas baseline."
HEK293,HEK293F,DO,%,substrate,20.0,hypoxic,20.0,40.0,optimal,80.0,excess,COXE,Recon3D,metabolic,low_state=hypoxic; normal_state=optimal; high_state=excess; direction=substrate; unit=%,literature,Emmerling et al. 2016 Hum Gene Ther Methods,MEDIUM,
HEK293,HEK293F,O2,%,substrate,15.0,oxygen_depleted,15.0,18.0,balanced,21.0,low_demand,COXE,Recon3D,metabolic,low_state=oxygen_depleted; normal_state=balanced; high_state=low_demand; direction=substrate; unit=%,domain_knowledge,"Extrapolated from mammalian off-gas; limited HEK293 data; CAVEAT: assumes air inlet, validate analyzer calibration",MEDIUM,"O2 off-gas thresholds depend on inlet composition (air vs enriched O2), sparge rate, headspace pressure, and analyzer placement. Values assume standard air inlet (21% O2). Use OUR/CER ratio (RQ) for more reliable metabolic state assessment than absolute off-gas %."
HEK293,HEK293F,VCD,e6/mL,output,0.8,slow_growth,0.8,2.5,transfection_ready,5.0,overgrown,BIOMASS_hek293,Recon3D,custom_exchange,low_state=slow_growth; normal_state=transfection_ready; high_state=overgrown; direction=output; unit=e6/mL,literature,Backliwal et al. 2008 Biotechnol Bioeng (FreeStyle 293-F),MEDIUM,
HEK293,HEK293F,agitation,rpm,control,80.0,poor_mixing,80.0,150.0,optimal,220.0,shear_risk,kLa,Recon3D,control_placeholder,low_state=poor_mixing; normal_state=optimal; high_state=shear_risk; direction=control; unit=rpm,literature,FreeStyle system 125 rpm orbital shaker protocol,MEDIUM,
HEK293,HEK293F,ammonia,mM,byproduct,2.0,optimal,2.0,5.0,moderate,8.0,toxic,GLNS,Recon3D,metabolic,low_state=optimal; normal_state=moderate; high_state=toxic; direction=byproduct; unit=mM,domain_knowledge,Extrapolated from mammalian; HEK293-specific data sparse,MEDIUM,"Inherited from HEK293 base organism (confidence=MEDIUM). Strain-specific adjustment applied. Base citation: Extrapolated from mammalian; HEK293-specific data sparse. Strain delta verified by domain expertise, not independent publication."
HEK293,HEK293F,glucose,g/L,substrate,1.5,flux_limited,1.5,3.5,optimal,6.0,overflow_risk,HEX1,Recon3D,metabolic,low_state=flux_limited; normal_state=optimal; high_state=overflow_risk; direction=substrate; unit=g/L,literature,Grieger et al. 2016 Nat Protoc; Henry et al. 2011 Biotechnol Bioeng,MEDIUM,
HEK293,HEK293F,lactate,g/L,byproduct,0.5,optimal,0.5,2.0,moderate,4.0,critical,LDH_L,Recon3D,metabolic,low_state=optimal; normal_state=moderate; high_state=critical; direction=byproduct; unit=g/L,domain_knowledge,293F serum-free; limited metabolic comparisons,MEDIUM,"Inherited from HEK293 base organism (confidence=MEDIUM). Strain-specific adjustment applied. Base citation: Cervera et al. 2013 J Biotechnol; Blessing et al. 2019 Mol Ther. Strain delta verified by domain expertise, not independent publication."
HEK293,HEK293F,pH,,indicator,6.9,acidosis,6.9,7.2,optimal,7.5,alkalosis,ATPM,Recon3D,metabolic,low_state=acidosis; normal_state=optimal; high_state=alkalosis; direction=indicator,literature,Grieger et al. 2016 Nat Protoc,HIGH,
HEK293,HEK293F,temperature,C,control,35.0,cold_shift,35.0,37.0,optimal,38.5,heat_stress,TEMP_SHIFT,Recon3D,control_placeholder,low_state=cold_shift; normal_state=optimal; high_state=heat_stress; direction=control; unit=C,literature,Grieger et al. 2016 Nat Protoc,HIGH,
HEK293,HEK293F,titer,vg/mL,product,10000000000.0,low_production,10000000000.0,100000000000.0,on_track,1000000000000.0,high_producing,AAV_assembly,Recon3D,custom_exchange,low_state=low_production; normal_state=on_track; high_state=high_producing; direction=product; unit=vg/mL,literature,Grieger et al. 2016 Nat Protoc (AAV vg/mL); Blessing et al. 2019,HIGH,
HEK293,HEK293F,viability,%,indicator,65.0,critical,65.0,80.0,healthy,95.0,excellent,APOPTOSIS,Recon3D,biological_state,low_state=critical; normal_state=healthy; high_state=excellent; direction=indicator; unit=%,literature,Naso et al. 2017 BioDrugs; post-transfection drop expected,HIGH,
HEK293,HEK293T,CO2,%,byproduct,4.0,low_metabolism,4.0,10.0,optimal,15.0,hypercapnia,CS,Recon3D,metabolic,low_state=low_metabolism; normal_state=optimal; high_state=hypercapnia; direction=byproduct; unit=%,domain_knowledge,"Extrapolated from mammalian; HEK293-specific CER not published; CAVEAT: process-dependent, validate on-site",MEDIUM,"CO2 thresholds are CER-derived estimates. Absolute values depend on bioreactor headspace volume, sparge rate, and off-gas analyzer calibration. Use as relative trend indicator, not absolute setpoint. Validate against site-specific off-gas baseline."
HEK293,HEK293T,DO,%,substrate,20.0,hypoxic,20.0,40.0,optimal,80.0,excess,COXE,Recon3D,metabolic,low_state=hypoxic; normal_state=optimal; high_state=excess; direction=substrate; unit=%,literature,Emmerling et al. 2016 Hum Gene Ther Methods,MEDIUM,
HEK293,HEK293T,O2,%,substrate,15.0,oxygen_depleted,15.0,18.0,balanced,21.0,low_demand,COXE,Recon3D,metabolic,low_state=oxygen_depleted; normal_state=balanced; high_state=low_demand; direction=substrate; unit=%,domain_knowledge,"Extrapolated from mammalian off-gas; limited HEK293 data; CAVEAT: assumes air inlet, validate analyzer calibration",MEDIUM,"O2 off-gas thresholds depend on inlet composition (air vs enriched O2), sparge rate, headspace pressure, and analyzer placement. Values assume standard air inlet (21% O2). Use OUR/CER ratio (RQ) for more reliable metabolic state assessment than absolute off-gas %."
HEK293,HEK293T,VCD,e6/mL,output,1.0,slow_growth,1.0,2.5,transfection_ready,5.0,overgrown,BIOMASS_hek293,Recon3D,custom_exchange,low_state=slow_growth; normal_state=transfection_ready; high_state=overgrown; direction=output; unit=e6/mL,literature,Grieger et al. 2016 Nat Protoc (293T density),MEDIUM,
HEK293,HEK293T,agitation,rpm,control,60.0,poor_mixing,60.0,130.0,optimal,200.0,shear_risk,kLa,Recon3D,control_placeholder,low_state=poor_mixing; normal_state=optimal; high_state=shear_risk; direction=control; unit=rpm,literature,Grieger et al. 2016 Nat Protoc; HEK293 shear sensitivity,MEDIUM,
HEK293,HEK293T,ammonia,mM,byproduct,2.0,optimal,2.0,5.0,moderate,8.0,toxic,GLNS,Recon3D,metabolic,low_state=optimal; normal_state=moderate; high_state=toxic; direction=byproduct; unit=mM,domain_knowledge,Extrapolated from mammalian; HEK293-specific data sparse,MEDIUM,"Inherited from HEK293 base organism (confidence=MEDIUM). Strain-specific adjustment applied. Base citation: Extrapolated from mammalian; HEK293-specific data sparse. Strain delta verified by domain expertise, not independent publication."
HEK293,HEK293T,glucose,g/L,substrate,1.5,flux_limited,1.5,3.5,optimal,6.0,overflow_risk,HEX1,Recon3D,metabolic,low_state=flux_limited; normal_state=optimal; high_state=overflow_risk; direction=substrate; unit=g/L,literature,Grieger et al. 2016 Nat Protoc; Henry et al. 2011 Biotechnol Bioeng,MEDIUM,
HEK293,HEK293T,lactate,g/L,byproduct,0.5,optimal,0.5,2.5,moderate,5.0,critical,LDH_L,Recon3D,metabolic,low_state=optimal; normal_state=moderate; high_state=critical; direction=byproduct; unit=g/L,literature,Cervera et al. 2013 J Biotechnol; Blessing et al. 2019 Mol Ther,MEDIUM,
HEK293,HEK293T,pH,,indicator,6.9,acidosis,6.9,7.2,optimal,7.5,alkalosis,ATPM,Recon3D,metabolic,low_state=acidosis; normal_state=optimal; high_state=alkalosis; direction=indicator,literature,Grieger et al. 2016 Nat Protoc,HIGH,
HEK293,HEK293T,temperature,C,control,35.0,cold_shift,35.0,37.0,optimal,38.5,heat_stress,TEMP_SHIFT,Recon3D,control_placeholder,low_state=cold_shift; normal_state=optimal; high_state=heat_stress; direction=control; unit=C,literature,Grieger et al. 2016 Nat Protoc,HIGH,
HEK293,HEK293T,titer,TU/mL,product,100000.0,low_production,100000.0,10000000.0,on_track,1000000000.0,high_producing,LV_production,Recon3D,custom_exchange,low_state=low_production; normal_state=on_track; high_state=high_producing; direction=product; unit=TU/mL,literature,Dull et al. 1998 J Virol; Naldini et al. 1996 Science,HIGH,
HEK293,HEK293T,viability,%,indicator,60.0,critical,60.0,75.0,healthy,95.0,excellent,APOPTOSIS,Recon3D,biological_state,low_state=critical; normal_state=healthy; high_state=excellent; direction=indicator; unit=%,literature,293T SV40 T fragility; Bhatt et al. 2021 Mol Ther Methods,MEDIUM,
P. pastoris,KM71H,CO2,%,byproduct,2.0,low_metabolism,2.0,10.0,optimal,18.0,high_respiration,FDH,iMT1026v3,metabolic,low_state=low_metabolism; normal_state=optimal; high_state=high_respiration; direction=byproduct; unit=%,literature,Cos et al. 2006 (CER/RQ for methanol phase),MEDIUM,
P. pastoris,KM71H,DO,%,substrate,12.0,hypoxic,12.0,25.0,optimal,70.0,excess,CYOOm,iMT1026v3,metabolic,low_state=hypoxic; normal_state=optimal; high_state=excess; direction=substrate; unit=%,literature,Cos et al. 2006 (MutS lower OUR),HIGH,
P. pastoris,KM71H,O2,%,substrate,12.0,high_OUR,12.0,17.0,balanced,21.0,low_demand,AOX,iMT1026v3,metabolic,low_state=high_OUR; normal_state=balanced; high_state=low_demand; direction=substrate; unit=%,literature,Cos et al. 2006 (highest OUR of any bioprocess),HIGH,
P. pastoris,KM71H,OD600,OD,output,50.0,low_density,50.0,200.0,induction_ready,400.0,ultra_high_density,BIOMASS_Pp,iMT1026v3,custom_exchange,low_state=low_density; normal_state=induction_ready; high_state=ultra_high_density; direction=output; unit=OD,literature,Cos et al. 2006; Potvin et al. 2012 (OD 200-500),HIGH,
P. pastoris,KM71H,agitation,rpm,control,250.0,poor_mixing,250.0,600.0,optimal,1200.0,extreme,kLa,iMT1026v3,control_placeholder,low_state=poor_mixing; normal_state=optimal; high_state=extreme; direction=control; unit=rpm,domain_knowledge,KM71H lower O2 demand,MEDIUM,"Inherited from P. pastoris base organism (confidence=MEDIUM). Strain-specific adjustment applied. Base citation: Cos et al. 2006; Potvin et al. 2012 (high-density kLa). Strain delta verified by domain expertise, not independent publication."
P. pastoris,KM71H,ammonia,mM,substrate,1.0,nitrogen_limited,1.0,10.0,optimal,30.0,excess,GLNS,iMT1026v3,metabolic,low_state=nitrogen_limited; normal_state=optimal; high_state=excess; direction=substrate; unit=mM,domain_knowledge,Pichia nitrogen; limited organism-specific threshold studies,MEDIUM,"Inherited from P. pastoris base organism (confidence=MEDIUM). Strain-specific adjustment applied. Base citation: Pichia nitrogen; limited organism-specific threshold studies. Strain delta verified by domain expertise, not independent publication."
P. pastoris,KM71H,ethanol,g/L,byproduct,0.2,optimal,0.2,1.0,moderate,3.0,overflow,ALCD2x,iMT1026v3,metabolic,low_state=optimal; normal_state=moderate; high_state=overflow; direction=byproduct; unit=g/L,literature,Cos et al. 2006 (Crabtree-negative overflow),MEDIUM,
P. pastoris,KM71H,glucose,g/L,substrate,0.5,depleted,0.5,3.0,optimal,8.0,excess,HEX1,iMT1026v3,metabolic,low_state=depleted; normal_state=optimal; high_state=excess; direction=substrate; unit=g/L,literature,Cos et al. 2006 Biotechnol Bioeng; Cereghino & Cregg 2000 FEMS,HIGH,
P. pastoris,KM71H,methanol,g/L,substrate_and_inducer,1.0,sub_induction,1.0,5.0,optimal,10.0,toxic,AOX2,iMT1026v3,metabolic,low_state=sub_induction; normal_state=optimal; high_state=toxic; direction=substrate_and_inducer; unit=g/L,literature,Cos et al. 2006 (MutS AOX1 disrupted),HIGH,
P. pastoris,KM71H,pH,,indicator,5.0,acidic,5.0,6.2,optimal,6.8,above_optimum,EX_h_e,iMT1026v3,metabolic,low_state=acidic; normal_state=optimal; high_state=above_optimum; direction=indicator,literature,Cos et al. 2006 Biotechnol Bioeng; Potvin et al. 2012 Biotechnol Adv,HIGH,
P. pastoris,KM71H,temperature,C,control,25.0,cold_shift,25.0,30.0,optimal,35.0,heat_stress,TEMP_CONTROL,iMT1026v3,control_placeholder,low_state=cold_shift; normal_state=optimal; high_state=heat_stress; direction=control; unit=C,literature,Cos et al. 2006; Looser et al. 2015,HIGH,
P. pastoris,KM71H,titer,g/L,product,0.3,low_expression,0.3,2.0,on_track,10.0,high_expression,RECPROT_secretion,iMT1026v3,custom_exchange,low_state=low_expression; normal_state=on_track; high_state=high_expression; direction=product; unit=g/L,domain_knowledge,MutS trades speed for controllability,MEDIUM,
P. pastoris,KM71H,viability,%,indicator,70.0,critical,70.0,85.0,healthy,95.0,excellent,STRESS_RESPONSE,iMT1026v3,biological_state,low_state=critical; normal_state=healthy; high_state=excellent; direction=indicator; unit=%,domain_knowledge,Methanol toxicity viability; limited published thresholds,MEDIUM,"Inherited from P. pastoris base organism (confidence=MEDIUM). Strain-specific adjustment applied. Base citation: Methanol toxicity viability; limited published thresholds. Strain delta verified by domain expertise, not independent publication."
P. pastoris,X-33,CO2,%,byproduct,2.0,low_metabolism,2.0,10.0,optimal,18.0,high_respiration,FDH,iMT1026v3,metabolic,low_state=low_metabolism; normal_state=optimal; high_state=high_respiration; direction=byproduct; unit=%,literature,Cos et al. 2006 (CER/RQ for methanol phase),MEDIUM,
P. pastoris,X-33,DO,%,substrate,18.0,hypoxic,18.0,30.0,optimal,70.0,excess,CYOOm,iMT1026v3,metabolic,low_state=hypoxic; normal_state=optimal; high_state=excess; direction=substrate; unit=%,literature,Cos et al. 2006 (Mut+ highest OUR),HIGH,
P. pastoris,X-33,O2,%,substrate,12.0,high_OUR,12.0,17.0,balanced,21.0,low_demand,AOX,iMT1026v3,metabolic,low_state=high_OUR; normal_state=balanced; high_state=low_demand; direction=substrate; unit=%,literature,Cos et al. 2006 (highest OUR of any bioprocess),HIGH,
P. pastoris,X-33,OD600,OD,output,50.0,low_density,50.0,200.0,induction_ready,400.0,ultra_high_density,BIOMASS_Pp,iMT1026v3,custom_exchange,low_state=low_density; normal_state=induction_ready; high_state=ultra_high_density; direction=output; unit=OD,literature,Cos et al. 2006; Potvin et al. 2012 (OD 200-500),HIGH,
P. pastoris,X-33,agitation,rpm,control,300.0,poor_mixing,300.0,700.0,optimal,1200.0,extreme,kLa,iMT1026v3,control_placeholder,low_state=poor_mixing; normal_state=optimal; high_state=extreme; direction=control; unit=rpm,literature,Cos et al. 2006; Potvin et al. 2012 (high-density kLa),MEDIUM,
P. pastoris,X-33,ammonia,mM,substrate,1.0,nitrogen_limited,1.0,10.0,optimal,30.0,excess,GLNS,iMT1026v3,metabolic,low_state=nitrogen_limited; normal_state=optimal; high_state=excess; direction=substrate; unit=mM,domain_knowledge,Pichia nitrogen; limited organism-specific threshold studies,MEDIUM,"Inherited from P. pastoris base organism (confidence=MEDIUM). Strain-specific adjustment applied. Base citation: Pichia nitrogen; limited organism-specific threshold studies. Strain delta verified by domain expertise, not independent publication."
P. pastoris,X-33,ethanol,g/L,byproduct,0.2,optimal,0.2,1.0,moderate,3.0,overflow,ALCD2x,iMT1026v3,metabolic,low_state=optimal; normal_state=moderate; high_state=overflow; direction=byproduct; unit=g/L,literature,Cos et al. 2006 (Crabtree-negative overflow),MEDIUM,
P. pastoris,X-33,glucose,g/L,substrate,0.5,depleted,0.5,3.0,optimal,8.0,excess,HEX1,iMT1026v3,metabolic,low_state=depleted; normal_state=optimal; high_state=excess; direction=substrate; unit=g/L,literature,Cos et al. 2006 Biotechnol Bioeng; Cereghino & Cregg 2000 FEMS,HIGH,
P. pastoris,X-33,methanol,g/L,substrate_and_inducer,0.5,sub_induction,0.5,3.0,optimal,7.0,toxic,AOX,iMT1026v3,metabolic,low_state=sub_induction; normal_state=optimal; high_state=toxic; direction=substrate_and_inducer; unit=g/L,literature,Cos et al. 2006 (Mut+ AOX1+AOX2),HIGH,
P. pastoris,X-33,pH,,indicator,5.0,acidic,5.0,6.2,optimal,6.8,above_optimum,EX_h_e,iMT1026v3,metabolic,low_state=acidic; normal_state=optimal; high_state=above_optimum; direction=indicator,literature,Cos et al. 2006 Biotechnol Bioeng; Potvin et al. 2012 Biotechnol Adv,HIGH,
P. pastoris,X-33,temperature,C,control,25.0,cold_shift,25.0,30.0,optimal,35.0,heat_stress,TEMP_CONTROL,iMT1026v3,control_placeholder,low_state=cold_shift; normal_state=optimal; high_state=heat_stress; direction=control; unit=C,literature,Cos et al. 2006; Looser et al. 2015,HIGH,
P. pastoris,X-33,titer,g/L,product,0.5,low_expression,0.5,3.0,on_track,10.0,high_expression,RECPROT_secretion,iMT1026v3,custom_exchange,low_state=low_expression; normal_state=on_track; high_state=high_expression; direction=product; unit=g/L,literature,Cos et al. 2006; Looser et al. 2015 (secreted protein range),MEDIUM,
P. pastoris,X-33,viability,%,indicator,70.0,critical,70.0,85.0,healthy,95.0,excellent,STRESS_RESPONSE,iMT1026v3,biological_state,low_state=critical; normal_state=healthy; high_state=excellent; direction=indicator; unit=%,domain_knowledge,Methanol toxicity viability; limited published thresholds,MEDIUM,"Inherited from P. pastoris base organism (confidence=MEDIUM). Strain-specific adjustment applied. Base citation: Methanol toxicity viability; limited published thresholds. Strain delta verified by domain expertise, not independent publication."
S. cerevisiae,BY4741,CO2,%,byproduct,2.0,low_metabolism,2.0,10.0,optimal,20.0,high_fermentation,PDC,iMM904,metabolic,low_state=low_metabolism; normal_state=optimal; high_state=high_fermentation; direction=byproduct; unit=%,literature,Verduyn et al. 1992 (RQ/CER for Crabtree),MEDIUM,
S. cerevisiae,BY4741,DO,%,substrate,5.0,anaerobic,5.0,20.0,optimal,70.0,excess,CYOOm,iMM904,metabolic,low_state=anaerobic; normal_state=optimal; high_state=excess; direction=substrate; unit=%,literature,Verduyn et al. 1992; van Dijken et al. 2000 Enzyme Microb Technol,HIGH,
S. cerevisiae,BY4741,O2,%,substrate,15.0,high_OUR,15.0,19.0,balanced,21.0,low_demand,CYOOm,iMM904,metabolic,low_state=high_OUR; normal_state=balanced; high_state=low_demand; direction=substrate; unit=%,literature,van Dijken et al. 2000 Enzyme Microb Technol,MEDIUM,
S. cerevisiae,BY4741,OD600,OD,output,5.0,lag_or_slow,5.0,15.0,exponential,35.0,high_density,BIOMASS_SC5_notrace,iMM904,custom_exchange,low_state=lag_or_slow; normal_state=exponential; high_state=high_density; direction=output; unit=OD,literature,Brachmann et al. 1998 Yeast (S288C auxotrophy),MEDIUM,
S. cerevisiae,BY4741,agitation,rpm,control,150.0,poor_mixing,150.0,400.0,optimal,700.0,high_shear,kLa,iMM904,control_placeholder,low_state=poor_mixing; normal_state=optimal; high_state=high_shear; direction=control; unit=rpm,domain_knowledge,Yeast shear tolerant; foam is primary concern,MEDIUM,
S. cerevisiae,BY4741,ammonia,mM,substrate,1.0,nitrogen_limited,1.0,10.0,optimal,30.0,excess,GLNS,iMM904,metabolic,low_state=nitrogen_limited; normal_state=optimal; high_state=excess; direction=substrate; unit=mM,literature,ter Schure et al. 2000 FEMS Microbiol Rev (NCR),HIGH,
S. cerevisiae,BY4741,ethanol,g/L,byproduct,1.0,optimal,1.0,5.0,moderate,15.0,inhibitory,ALCD2x,iMM904,metabolic,low_state=optimal; normal_state=moderate; high_state=inhibitory; direction=byproduct; unit=g/L,literature,Verduyn et al. 1992 Yeast; Ingledew 1999 ethanol tolerance,HIGH,
S. cerevisiae,BY4741,glucose,g/L,substrate,0.5,carbon_limited,0.5,5.0,optimal,12.0,crabtree_overflow,HEX1,iMM904,metabolic,low_state=carbon_limited; normal_state=optimal; high_state=crabtree_overflow; direction=substrate; unit=g/L,literature,Otterstedt et al. 2004 EMBO Rep (S288C Crabtree),MEDIUM,
S. cerevisiae,BY4741,pH,,indicator,4.5,very_acidic,4.5,5.5,optimal,6.5,high_for_yeast,EX_h_e,iMM904,metabolic,low_state=very_acidic; normal_state=optimal; high_state=high_for_yeast; direction=indicator,literature,Verduyn et al. 1992 Yeast; Castan et al. 2002 Biotechnol Bioeng,HIGH,
S. cerevisiae,BY4741,temperature,C,control,25.0,cold_shift,25.0,30.0,optimal,37.0,heat_stress,TEMP_CONTROL,iMM904,control_placeholder,low_state=cold_shift; normal_state=optimal; high_state=heat_stress; direction=control; unit=C,textbook,Morano et al. 2012 Genetics; Verduyn et al. 1992,HIGH,
S. cerevisiae,BY4741,titer,g/L,product,0.1,low_expression,0.1,0.3,on_track,1.0,high_expression,VLP_assembly,iMM904,custom_exchange,low_state=low_expression; normal_state=on_track; high_state=high_expression; direction=product; unit=g/L,domain_knowledge,Lab strain not optimized,MEDIUM,"Inherited from S. cerevisiae base organism (confidence=MEDIUM). Strain-specific adjustment applied. Base citation: VLP/antigen; product and promoter dependent. Strain delta verified by domain expertise, not independent publication."
S. cerevisiae,BY4741,viability,%,indicator,70.0,critical,70.0,85.0,healthy,96.0,excellent,STRESS_RESPONSE,iMM904,biological_state,low_state=critical; normal_state=healthy; high_state=excellent; direction=indicator; unit=%,domain_knowledge,Yeast autolysis; viability thresholds process-specific,MEDIUM,"Inherited from S. cerevisiae base organism (confidence=MEDIUM). Strain-specific adjustment applied. Base citation: Yeast autolysis; viability thresholds process-specific. Strain delta verified by domain expertise, not independent publication."
S. cerevisiae,CEN.PK,CO2,%,byproduct,2.0,low_metabolism,2.0,10.0,optimal,20.0,high_fermentation,PDC,iMM904,metabolic,low_state=low_metabolism; normal_state=optimal; high_state=high_fermentation; direction=byproduct; unit=%,literature,Verduyn et al. 1992 (RQ/CER for Crabtree),MEDIUM,
S. cerevisiae,CEN.PK,DO,%,substrate,5.0,anaerobic,5.0,20.0,optimal,70.0,excess,CYOOm,iMM904,metabolic,low_state=anaerobic; normal_state=optimal; high_state=excess; direction=substrate; unit=%,literature,Verduyn et al. 1992; van Dijken et al. 2000 Enzyme Microb Technol,HIGH,
S. cerevisiae,CEN.PK,O2,%,substrate,15.0,high_OUR,15.0,19.0,balanced,21.0,low_demand,CYOOm,iMM904,metabolic,low_state=high_OUR; normal_state=balanced; high_state=low_demand; direction=substrate; unit=%,literature,van Dijken et al. 2000 Enzyme Microb Technol,MEDIUM,
S. cerevisiae,CEN.PK,OD600,OD,output,5.0,lag_or_slow,5.0,25.0,exponential,60.0,high_density,BIOMASS_SC5_notrace,iMM904,custom_exchange,low_state=lag_or_slow; normal_state=exponential; high_state=high_density; direction=output; unit=OD,literature,van Dijken et al. 2000 Enzyme Microb Technol,HIGH,
S. cerevisiae,CEN.PK,agitation,rpm,control,150.0,poor_mixing,150.0,400.0,optimal,700.0,high_shear,kLa,iMM904,control_placeholder,low_state=poor_mixing; normal_state=optimal; high_state=high_shear; direction=control; unit=rpm,domain_knowledge,Yeast shear tolerant; foam is primary concern,MEDIUM,
S. cerevisiae,CEN.PK,ammonia,mM,substrate,1.0,nitrogen_limited,1.0,10.0,optimal,30.0,excess,GLNS,iMM904,metabolic,low_state=nitrogen_limited; normal_state=optimal; high_state=excess; direction=substrate; unit=mM,literature,ter Schure et al. 2000 FEMS Microbiol Rev (NCR),HIGH,
S. cerevisiae,CEN.PK,ethanol,g/L,byproduct,1.0,optimal,1.0,4.0,moderate,12.0,inhibitory,ALCD2x,iMM904,metabolic,low_state=optimal; normal_state=moderate; high_state=inhibitory; direction=byproduct; unit=g/L,literature,van Dijken et al. 2000 (lower Crabtree than S288C),MEDIUM,
S. cerevisiae,CEN.PK,glucose,g/L,substrate,0.5,carbon_limited,0.5,6.0,optimal,15.0,crabtree_overflow,HEX1,iMM904,metabolic,low_state=carbon_limited; normal_state=optimal; high_state=crabtree_overflow; direction=substrate; unit=g/L,literature,van Dijken et al. 2000,MEDIUM,
S. cerevisiae,CEN.PK,pH,,indicator,4.5,very_acidic,4.5,5.5,optimal,6.5,high_for_yeast,EX_h_e,iMM904,metabolic,low_state=very_acidic; normal_state=optimal; high_state=high_for_yeast; direction=indicator,literature,Verduyn et al. 1992 Yeast; Castan et al. 2002 Biotechnol Bioeng,HIGH,
S. cerevisiae,CEN.PK,temperature,C,control,25.0,cold_shift,25.0,30.0,optimal,37.0,heat_stress,TEMP_CONTROL,iMM904,control_placeholder,low_state=cold_shift; normal_state=optimal; high_state=heat_stress; direction=control; unit=C,textbook,Morano et al. 2012 Genetics; Verduyn et al. 1992,HIGH,
S. cerevisiae,CEN.PK,titer,g/L,product,0.1,low_expression,0.1,0.8,on_track,3.0,high_expression,VLP_assembly,iMM904,custom_exchange,low_state=low_expression; normal_state=on_track; high_state=high_expression; direction=product; unit=g/L,domain_knowledge,Industrial reference; metabolic engineering preferred,MEDIUM,
S. cerevisiae,CEN.PK,viability,%,indicator,70.0,critical,70.0,85.0,healthy,96.0,excellent,STRESS_RESPONSE,iMM904,biological_state,low_state=critical; normal_state=healthy; high_state=excellent; direction=indicator; unit=%,domain_knowledge,Yeast autolysis; viability thresholds process-specific,MEDIUM,"Inherited from S. cerevisiae base organism (confidence=MEDIUM). Strain-specific adjustment applied. Base citation: Yeast autolysis; viability thresholds process-specific. Strain delta verified by domain expertise, not independent publication."
S. cerevisiae,W303,CO2,%,byproduct,2.0,low_metabolism,2.0,10.0,optimal,20.0,high_fermentation,PDC,iMM904,metabolic,low_state=low_metabolism; normal_state=optimal; high_state=high_fermentation; direction=byproduct; unit=%,literature,Verduyn et al. 1992 (RQ/CER for Crabtree),MEDIUM,
S. cerevisiae,W303,DO,%,substrate,5.0,anaerobic,5.0,20.0,optimal,70.0,excess,CYOOm,iMM904,metabolic,low_state=anaerobic; normal_state=optimal; high_state=excess; direction=substrate; unit=%,literature,Verduyn et al. 1992; van Dijken et al. 2000 Enzyme Microb Technol,HIGH,
S. cerevisiae,W303,O2,%,substrate,15.0,high_OUR,15.0,19.0,balanced,21.0,low_demand,CYOOm,iMM904,metabolic,low_state=high_OUR; normal_state=balanced; high_state=low_demand; direction=substrate; unit=%,literature,van Dijken et al. 2000 Enzyme Microb Technol,MEDIUM,
S. cerevisiae,W303,OD600,OD,output,5.0,lag_or_slow,5.0,18.0,exponential,40.0,high_density,BIOMASS_SC5_notrace,iMM904,custom_exchange,low_state=lag_or_slow; normal_state=exponential; high_state=high_density; direction=output; unit=OD,literature,Ralser et al. 2012 PLoS One,MEDIUM,
S. cerevisiae,W303,agitation,rpm,control,150.0,poor_mixing,150.0,400.0,optimal,700.0,high_shear,kLa,iMM904,control_placeholder,low_state=poor_mixing; normal_state=optimal; high_state=high_shear; direction=control; unit=rpm,domain_knowledge,Yeast shear tolerant; foam is primary concern,MEDIUM,
S. cerevisiae,W303,ammonia,mM,substrate,1.0,nitrogen_limited,1.0,10.0,optimal,30.0,excess,GLNS,iMM904,metabolic,low_state=nitrogen_limited; normal_state=optimal; high_state=excess; direction=substrate; unit=mM,literature,ter Schure et al. 2000 FEMS Microbiol Rev (NCR),HIGH,
S. cerevisiae,W303,ethanol,g/L,byproduct,1.0,optimal,1.0,5.0,moderate,15.0,inhibitory,ALCD2x,iMM904,metabolic,low_state=optimal; normal_state=moderate; high_state=inhibitory; direction=byproduct; unit=g/L,literature,Verduyn et al. 1992 Yeast; Ingledew 1999 ethanol tolerance,HIGH,
S. cerevisiae,W303,glucose,g/L,substrate,0.5,carbon_limited,0.5,5.0,optimal,15.0,crabtree_overflow,HEX1,iMM904,metabolic,low_state=carbon_limited; normal_state=optimal; high_state=crabtree_overflow; direction=substrate; unit=g/L,literature,Verduyn et al. 1992 Yeast; De Deken 1966 J Gen Microbiol,HIGH,
S. cerevisiae,W303,pH,,indicator,4.5,very_acidic,4.5,5.5,optimal,6.5,high_for_yeast,EX_h_e,iMM904,metabolic,low_state=very_acidic; normal_state=optimal; high_state=high_for_yeast; direction=indicator,literature,Verduyn et al. 1992 Yeast; Castan et al. 2002 Biotechnol Bioeng,HIGH,
S. cerevisiae,W303,temperature,C,control,25.0,cold_shift,25.0,30.0,optimal,37.0,heat_stress,TEMP_CONTROL,iMM904,control_placeholder,low_state=cold_shift; normal_state=optimal; high_state=heat_stress; direction=control; unit=C,textbook,Morano et al. 2012 Genetics; Verduyn et al. 1992,HIGH,
S. cerevisiae,W303,titer,g/L,product,0.1,low_expression,0.1,0.4,on_track,1.5,high_expression,VLP_assembly,iMM904,custom_exchange,low_state=low_expression; normal_state=on_track; high_state=high_expression; direction=product; unit=g/L,domain_knowledge,Research strain; ade2 may affect folding,MEDIUM,"Inherited from S. cerevisiae base organism (confidence=MEDIUM). Strain-specific adjustment applied. Base citation: VLP/antigen; product and promoter dependent. Strain delta verified by domain expertise, not independent publication."
S. cerevisiae,W303,viability,%,indicator,65.0,critical,65.0,82.0,healthy,96.0,excellent,STRESS_RESPONSE,iMM904,biological_state,low_state=critical; normal_state=healthy; high_state=excellent; direction=indicator; unit=%,domain_knowledge,W303 less robust than CEN.PK,MEDIUM,"Inherited from S. cerevisiae base organism (confidence=MEDIUM). Strain-specific adjustment applied. Base citation: Yeast autolysis; viability thresholds process-specific. Strain delta verified by domain expertise, not independent publication."
